age,genre,revenu_mensuel,nombre_experiences_precedentes,annee_experience_totale,annees_dans_l_entreprise,annees_dans_le_poste_actuel,satisfaction_employee_environnement,note_evaluation_precedente,niveau_hierarchique_poste,satisfaction_employee_nature_travail,satisfaction_employee_equipe,satisfaction_employee_equilibre_pro_perso,note_evaluation_actuelle,heure_supplementaires,% augementation_salaire_precedente,a_quitte_l_entreprise,nombre_participation_pee,nb_formations_suivies,distance_domicile_travail,niveau_education,annees_depuis_la_derniere_promotion,annes_sous_responsable_actuel,est_marie,departement_Consulting,departement_Ressources Humaines,domaine_etude_Entrepreunariat,domaine_etude_Infra & Cloud,domaine_etude_Marketing,domaine_etude_Ressources Humaines,domaine_etude_Transformation Digitale,poste_level,freq_deplacement_level,ratio_exp_entreprise,revenu_par_age,age_group,satisfaccion_media
41,0,5993,8,8,6,4,2,3,2,4,1,1,3,1,11,1,0,0,1,2,0,5,0,False,False,False,True,False,False,False,5,1,1.1428571428571428,142.6904761904762,3,2.0
49,1,5130,1,10,10,7,3,2,2,2,4,3,4,0,23,0,1,3,8,1,1,7,1,True,False,False,True,False,False,False,2,2,0.9090909090909091,102.6,3,3.0
37,1,2090,6,7,0,0,4,2,1,3,2,3,3,1,15,1,0,3,2,2,0,0,0,True,False,False,False,False,False,False,1,1,7.0,55.0,2,3.0
33,0,2909,1,8,8,7,4,3,1,3,3,3,3,1,11,0,0,3,3,4,3,0,1,True,False,False,True,False,False,False,2,2,0.8888888888888888,85.55882352941177,2,3.25
27,1,3468,9,6,2,2,1,3,1,2,4,3,3,0,12,0,1,3,2,1,2,2,1,True,False,False,False,False,False,True,1,1,2.0,123.85714285714286,1,2.5
32,1,3068,0,8,7,7,4,3,1,4,3,2,3,0,13,0,0,2,2,2,3,6,0,True,False,False,True,False,False,False,1,2,1.0,92.96969696969697,2,3.25
59,0,2670,4,12,1,0,3,4,1,1,1,2,4,1,20,0,3,3,3,3,0,0,1,True,False,False,False,False,False,True,1,1,6.0,44.5,4,1.75
30,1,2693,1,1,1,0,4,3,1,3,2,3,4,0,22,0,1,2,24,1,0,0,0,True,False,False,True,False,False,False,1,1,0.5,86.87096774193549,1,3.0
38,1,9526,0,10,9,7,4,2,3,3,2,3,4,0,21,0,0,2,23,3,1,8,0,True,False,False,True,False,False,False,3,2,1.0,244.25641025641025,2,3.0
36,1,5237,6,17,7,7,3,3,2,3,2,2,3,0,13,0,2,3,27,3,7,7,1,True,False,False,False,False,False,True,4,1,2.125,141.54054054054055,2,2.5
35,1,2426,0,6,5,4,1,4,1,2,3,3,3,0,13,0,1,5,16,3,0,3,1,True,False,False,False,False,False,True,1,1,1.0,67.38888888888889,2,2.25
29,0,4193,0,10,9,5,4,2,2,3,4,3,3,1,12,0,0,3,15,2,0,8,0,True,False,False,True,False,False,False,1,1,1.0,139.76666666666668,1,3.5
31,1,2911,1,5,5,2,1,3,1,3,4,2,3,0,17,0,1,1,26,1,4,3,0,True,False,False,True,False,False,False,2,1,0.8333333333333334,90.96875,2,2.5
34,1,2661,0,3,2,2,2,3,1,4,3,3,3,0,11,0,1,2,19,2,1,2,0,True,False,False,False,False,False,True,1,1,1.0,76.02857142857142,2,3.0
28,1,2028,5,6,4,2,3,2,1,3,2,3,3,1,14,1,0,4,24,3,0,3,0,True,False,False,True,False,False,False,1,1,1.2,69.93103448275862,1,2.75
29,0,9980,1,10,10,9,2,4,3,1,3,3,3,0,11,0,1,1,21,4,8,8,0,True,False,False,True,False,False,False,3,1,0.9090909090909091,332.6666666666667,1,2.25
32,1,3298,0,7,6,2,1,4,1,2,4,2,3,1,12,0,2,5,5,2,0,5,0,True,False,False,True,False,False,False,2,1,1.0,99.93939393939394,2,2.25
22,1,2935,1,1,1,0,4,4,1,4,2,2,3,1,13,0,2,2,16,2,0,0,0,True,False,False,False,False,False,True,1,0,0.5,127.6086956521739,1,3.0
53,0,15427,2,31,25,8,1,2,4,4,3,3,3,0,16,0,0,3,2,4,3,7,1,False,False,False,True,False,False,False,8,1,1.1923076923076923,285.68518518518516,4,2.75
38,1,3944,5,6,3,2,4,3,1,4,3,3,3,1,11,0,0,3,2,3,1,2,0,True,False,False,True,False,False,False,2,1,1.5,101.12820512820512,2,3.5
24,0,4011,0,5,4,2,1,4,2,3,4,2,3,0,18,0,1,5,11,2,1,3,0,True,False,False,False,False,False,False,3,0,1.0,160.44,1,2.5
36,1,3407,7,10,5,3,3,2,1,1,2,3,4,0,23,1,0,4,9,4,0,3,0,False,False,False,True,False,False,False,6,1,1.6666666666666667,92.08108108108108,2,2.25
34,0,11994,0,13,12,6,1,3,3,2,3,3,3,0,11,0,0,4,7,4,2,11,0,True,False,False,True,False,False,False,7,1,1.0,342.6857142857143,2,2.25
21,1,1232,1,0,0,0,3,3,1,4,4,3,3,0,14,0,0,6,15,2,0,0,0,True,False,False,True,False,False,False,2,1,0.0,56.0,1,3.5
34,1,2960,2,8,4,2,2,3,1,1,3,3,3,0,11,1,0,2,6,1,1,3,0,True,False,False,False,False,False,True,2,1,1.6,84.57142857142857,2,2.25
53,0,19094,4,26,14,13,3,3,5,3,4,2,3,0,11,0,1,3,5,3,4,8,0,True,False,False,False,False,False,False,8,1,1.7333333333333334,353.5925925925926,4,3.0
32,0,3919,1,10,10,2,2,1,1,1,2,3,4,1,22,1,0,5,16,1,6,7,0,True,False,False,True,False,False,False,2,2,0.9090909090909091,118.75757575757575,2,2.0
42,1,6825,0,10,9,7,3,3,2,2,4,3,3,0,11,0,1,2,8,4,4,2,1,False,False,False,False,True,False,False,5,1,1.0,158.72093023255815,3,3.0
44,0,10248,3,24,22,6,1,2,3,4,4,3,3,0,14,0,1,4,7,4,5,17,1,True,False,False,False,False,False,True,4,1,1.0434782608695652,227.73333333333332,3,3.0
46,0,18947,3,22,2,2,2,3,5,1,4,2,3,0,12,0,0,2,2,4,2,1,0,False,False,False,False,True,False,False,8,1,7.333333333333333,403.1276595744681,3,2.25
33,1,2496,4,7,1,1,3,3,1,4,4,3,3,0,11,0,0,3,2,3,0,0,0,True,False,False,False,False,False,True,1,1,3.5,73.41176470588235,2,3.5
44,1,6465,2,9,4,2,4,3,2,4,4,4,3,1,13,0,0,5,10,4,1,3,1,True,False,False,False,False,False,False,4,1,1.8,143.66666666666666,3,4.0
30,1,2206,1,10,10,0,4,2,1,3,1,3,3,0,13,0,0,5,9,2,1,8,0,True,False,False,False,False,False,True,1,1,0.9090909090909091,71.16129032258064,1,2.75
39,1,2086,3,19,1,0,4,3,2,4,3,4,3,0,14,1,1,6,5,3,0,0,1,False,False,True,False,False,False,False,6,1,9.5,52.15,2,3.75
24,1,2293,2,6,2,0,2,3,1,4,1,2,3,1,16,1,1,2,1,3,2,0,1,True,False,False,False,False,False,True,2,1,2.0,91.72,1,2.25
43,0,2645,1,6,5,3,4,4,1,3,4,2,3,0,12,0,2,3,2,2,1,4,0,True,False,False,False,False,False,True,2,1,1.0,60.11363636363637,3,3.25
50,1,2683,1,3,3,2,1,2,1,3,3,3,3,1,14,1,0,2,3,2,0,2,1,False,False,False,False,True,False,False,6,1,0.75,52.6078431372549,3,2.5
35,0,2014,1,2,2,2,4,3,1,4,1,3,3,0,13,0,0,3,2,3,2,2,1,False,False,False,False,True,False,False,6,1,0.6666666666666666,55.94444444444444,2,3.0
36,0,3419,9,6,1,1,2,2,1,1,4,4,3,1,14,0,1,3,5,4,0,0,1,True,False,False,True,False,False,False,2,1,3.0,92.4054054054054,2,2.75
33,0,5376,2,10,5,3,3,4,2,1,1,3,3,0,19,0,2,3,1,3,1,3,1,False,False,False,True,False,False,False,5,2,1.6666666666666667,158.11764705882354,2,2.0
35,1,1951,1,1,1,0,3,3,1,4,3,3,3,0,12,0,1,3,4,2,0,0,0,True,False,False,False,False,False,False,1,1,0.5,54.19444444444444,2,3.25
27,0,2341,1,1,1,0,4,3,1,1,4,3,3,0,13,0,1,6,2,4,0,0,0,True,False,False,True,False,False,False,1,1,0.5,83.60714285714286,1,3.0
26,1,2293,1,1,1,0,1,1,1,3,3,2,3,0,12,1,0,2,25,3,0,1,0,True,False,False,True,False,False,False,1,1,0.5,84.92592592592592,1,2.25
27,1,8726,1,9,9,8,4,3,3,3,4,3,3,0,15,0,0,0,8,3,1,7,0,False,False,False,True,False,False,False,5,2,0.9,311.64285714285717,1,3.5
30,0,4011,1,12,12,8,3,3,2,4,4,3,4,0,23,0,0,2,1,2,3,7,0,True,False,False,False,False,False,True,1,2,0.9230769230769231,129.38709677419354,1,3.5
41,0,19545,1,23,22,15,2,3,5,3,4,3,3,0,12,1,0,0,12,3,15,8,1,True,False,True,False,False,False,False,7,1,1.0,465.35714285714283,3,3.0
34,1,4568,0,10,9,5,2,3,2,3,3,3,4,0,20,0,0,2,23,4,8,7,0,False,False,False,False,True,False,False,5,0,1.0,130.5142857142857,2,2.75
37,1,3022,4,8,1,0,2,3,1,2,1,3,4,0,21,0,0,1,19,2,0,0,1,True,False,False,True,False,False,False,2,1,4.0,79.52631578947368,2,2.0
46,1,5772,4,14,9,6,1,3,2,4,3,3,4,1,21,0,0,4,5,4,0,8,0,False,False,False,False,True,False,False,5,2,1.4,122.80851063829788,3,2.75
35,1,2269,1,1,1,0,4,4,1,4,4,3,3,0,19,0,0,2,8,1,0,1,1,True,False,False,True,False,False,False,1,1,0.5,63.02777777777778,2,3.75
48,1,5381,9,23,1,0,1,2,3,3,4,3,3,1,13,1,0,2,1,2,0,0,0,True,False,False,True,False,False,False,1,1,11.5,109.81632653061224,3,2.75
28,1,3441,1,2,2,2,3,3,1,3,3,2,3,1,13,1,0,3,5,4,2,2,0,True,False,True,False,False,False,False,1,1,0.6666666666666666,118.65517241379311,1,2.75
44,0,5454,5,9,4,3,2,3,2,1,3,2,4,1,21,0,1,2,1,5,1,3,0,False,False,False,False,True,False,False,5,1,1.8,121.2,3,2.0
35,1,9884,2,10,4,0,3,2,3,1,3,3,3,1,13,0,1,3,11,2,2,3,1,True,False,False,False,False,False,True,4,0,2.0,274.55555555555554,2,2.5
26,0,4157,7,5,2,2,3,2,2,4,3,2,3,1,19,0,1,2,23,3,0,0,1,False,False,False,False,True,False,False,5,1,1.6666666666666667,153.96296296296296,1,3.0
33,0,13458,1,15,15,14,1,3,3,4,3,3,3,1,12,0,0,1,1,2,8,12,0,True,False,False,True,False,False,False,7,2,0.9375,395.8235294117647,2,2.75
35,1,9069,1,9,9,8,2,3,3,1,4,2,4,0,22,0,1,3,18,5,1,8,1,False,False,False,True,False,False,False,5,2,0.9,251.91666666666666,2,2.25
35,0,4014,3,4,2,2,3,3,1,1,3,3,3,1,15,0,1,3,23,4,2,2,1,True,False,False,False,False,False,True,1,1,1.3333333333333333,111.5,2,2.5
31,1,5915,3,10,7,7,4,3,2,4,4,2,4,0,22,0,1,3,7,4,1,7,0,True,False,False,True,False,False,False,1,1,1.25,184.84375,2,3.5
37,1,5993,1,7,7,5,1,2,2,3,3,4,3,0,18,0,1,2,1,4,0,7,0,True,False,False,True,False,False,False,3,1,0.875,157.71052631578948,2,2.75
32,1,6162,1,9,9,8,1,3,2,4,2,3,4,1,22,0,1,3,1,3,7,8,1,True,False,False,False,False,False,True,3,1,0.9,186.72727272727272,2,2.5
38,0,2406,1,10,10,3,4,3,2,4,4,3,3,0,11,0,0,2,29,5,9,9,0,True,False,False,True,False,False,False,1,2,0.9090909090909091,61.69230769230769,2,3.75
50,0,18740,5,29,27,3,2,2,5,3,4,2,3,1,12,0,1,2,7,2,13,8,0,True,False,False,False,False,False,True,7,1,1.0357142857142858,367.45098039215685,3,2.75
59,0,7637,7,28,21,16,1,3,3,1,4,2,3,0,11,0,0,3,25,3,7,9,0,False,False,False,True,False,False,False,5,1,1.2727272727272727,127.28333333333333,4,2.0
36,0,10096,1,17,17,14,3,3,3,3,2,3,3,0,13,0,3,2,8,3,12,8,0,True,False,True,False,False,False,False,4,1,0.9444444444444444,272.86486486486484,2,2.75
55,0,14756,2,21,5,0,4,3,4,3,3,3,3,1,14,0,3,2,8,3,0,2,0,True,False,False,False,False,False,True,8,1,3.5,263.5,4,3.25
36,1,6499,1,6,6,5,2,2,2,2,3,3,3,0,13,0,0,3,11,3,0,3,0,True,False,False,True,False,False,False,3,2,0.8571428571428571,175.64864864864865,2,2.5
45,1,9724,2,25,1,0,2,3,3,1,3,3,3,0,17,0,1,2,7,3,0,0,0,True,False,False,True,False,False,False,2,1,12.5,211.3913043478261,3,2.25
35,1,2194,4,5,3,2,2,3,1,1,4,2,3,0,13,0,1,2,1,3,1,2,1,True,False,False,False,False,False,True,2,2,1.25,60.94444444444444,2,2.25
36,1,3388,0,2,1,0,4,2,1,3,1,2,3,1,17,1,1,0,9,3,0,0,1,True,False,False,False,False,False,True,2,1,1.0,91.56756756756756,2,2.5
59,0,5473,7,20,4,3,1,2,2,3,4,2,3,0,11,0,0,2,1,1,1,3,0,False,False,False,True,False,False,False,5,2,4.0,91.21666666666667,4,2.5
29,1,2703,0,6,5,4,3,3,1,2,4,3,4,0,23,0,1,3,2,3,0,4,1,True,False,False,True,False,False,False,2,1,1.0,90.1,1,3.0
31,1,2501,1,1,1,1,3,3,1,2,2,3,3,0,17,0,0,4,1,4,1,0,0,True,False,False,False,False,False,True,2,1,0.5,78.15625,2,2.5
32,1,6220,1,10,10,4,2,3,2,2,2,3,3,0,17,0,2,3,1,3,0,9,1,True,False,False,True,False,False,False,2,1,0.9090909090909091,188.4848484848485,2,2.25
36,0,3038,3,5,1,0,2,4,1,4,2,3,3,0,12,0,0,3,6,3,0,0,1,True,False,False,True,False,False,False,1,1,2.5,82.10810810810811,2,2.75
31,0,4424,1,11,11,7,3,3,2,4,4,3,4,0,23,0,0,2,8,4,1,8,0,True,False,False,True,False,False,False,3,1,0.9166666666666666,138.25,2,3.5
35,1,4312,0,16,15,13,3,2,2,1,2,3,3,0,14,0,0,2,1,4,2,8,0,False,False,False,False,True,False,False,5,1,1.0,119.77777777777777,2,2.25
45,1,13245,4,17,0,0,4,3,3,1,2,4,3,1,14,0,0,3,6,4,0,0,1,True,False,False,False,False,False,False,7,1,17.0,287.9347826086956,3,2.75
37,1,13664,4,16,5,2,1,3,3,3,1,4,3,0,13,0,0,3,7,4,0,2,0,True,False,False,False,False,False,True,7,1,2.6666666666666665,359.57894736842104,2,2.25
46,1,5021,8,16,4,2,2,3,2,2,4,3,4,1,22,0,1,2,5,2,0,2,0,False,True,False,False,False,False,True,4,1,3.2,106.82978723404256,3,2.75
30,1,5126,1,10,10,8,4,2,2,4,3,2,3,1,12,0,2,1,1,1,3,0,1,True,False,False,True,False,False,False,1,1,0.9090909090909091,165.3548387096774,1,3.25
35,1,2859,1,6,6,4,2,2,1,3,1,3,3,0,18,0,0,3,1,3,0,4,0,True,False,False,False,False,False,True,2,1,0.8571428571428571,79.41666666666667,2,2.25
55,1,10239,3,24,1,0,1,3,3,4,4,3,3,0,14,0,1,4,1,2,1,0,1,False,False,False,True,False,False,False,5,1,12.0,182.83928571428572,4,3.0
38,0,5329,7,17,13,11,2,1,2,4,4,3,3,1,12,0,3,3,6,3,1,9,0,True,False,False,False,False,False,True,2,0,1.2142857142857142,136.64102564102564,2,3.25
34,1,4325,1,5,5,2,1,3,2,2,3,3,3,0,15,0,0,2,1,2,1,3,1,True,False,False,False,False,False,True,3,1,0.8333333333333334,123.57142857142857,2,2.25
56,1,7260,4,37,6,4,4,1,3,4,1,2,3,0,11,0,0,3,7,3,0,2,0,True,False,False,True,False,False,False,3,1,5.285714285714286,127.36842105263158,4,2.75
23,1,2322,3,3,0,0,3,3,1,1,3,3,3,0,13,0,1,3,2,1,0,0,0,False,False,True,False,False,False,False,6,1,3.0,96.75,1,2.5
51,1,2075,3,10,4,2,4,3,1,4,2,3,4,0,23,0,2,4,9,4,0,3,1,True,False,False,True,False,False,False,1,1,2.0,39.90384615384615,4,3.25
30,1,4152,1,11,11,10,3,2,2,4,1,3,3,0,19,0,3,3,2,3,10,8,1,True,False,False,True,False,False,False,4,1,0.9166666666666666,133.93548387096774,1,2.75
46,1,9619,1,9,9,8,3,2,3,4,4,3,3,0,16,1,0,3,9,2,4,7,0,False,False,False,False,False,False,True,5,1,0.9,204.6595744680851,3,3.5
40,1,13503,1,22,22,3,3,2,4,2,4,2,4,0,22,0,1,3,1,4,11,11,1,True,False,False,True,False,False,False,4,2,0.9565217391304348,329.3414634146341,2,2.75
51,1,5441,0,11,10,7,3,3,2,4,4,1,4,1,22,0,0,2,21,4,1,0,0,False,False,False,False,True,False,False,5,1,1.0,104.63461538461539,4,3.0
30,0,5209,1,11,11,8,3,2,2,2,2,2,3,1,12,0,3,4,4,2,2,7,0,False,False,False,False,False,False,True,5,1,0.9166666666666666,168.03225806451613,1,2.25
46,1,10673,2,21,10,9,3,2,3,1,3,2,3,1,13,0,1,5,1,3,9,5,1,True,False,False,False,False,False,True,4,2,1.9090909090909092,227.08510638297872,3,2.25
32,1,5010,1,12,11,8,2,3,2,3,1,3,3,0,16,0,0,0,6,4,5,7,0,False,False,False,False,False,False,True,5,1,1.0,151.8181818181818,2,2.25
54,0,13549,9,16,4,3,1,3,3,3,1,1,3,0,12,0,1,5,2,4,0,3,1,True,False,True,False,False,False,False,7,1,3.2,246.34545454545454,4,1.5
24,0,4999,0,4,3,2,1,3,2,3,1,2,4,0,21,0,1,2,3,2,0,2,1,False,False,False,False,False,False,False,5,1,1.0,199.96,1,1.75
28,1,4221,1,5,5,4,2,3,2,3,2,4,3,0,15,0,0,3,4,3,0,4,1,False,False,False,False,False,False,True,5,0,0.8333333333333334,145.55172413793105,1,2.75
58,1,13872,0,38,37,10,4,3,4,3,3,2,3,0,13,0,0,1,10,4,1,8,0,False,False,False,False,False,False,True,5,1,1.0,235.11864406779662,4,3.0
44,1,2042,4,17,3,2,2,3,2,2,3,4,3,0,12,0,1,3,23,3,1,2,1,True,False,False,False,False,False,True,1,0,4.25,45.37777777777778,3,2.75
37,1,2073,4,7,3,2,3,3,1,1,4,3,4,1,22,1,0,3,6,4,0,2,0,False,True,False,False,False,True,False,4,1,1.75,54.55263157894737,2,2.75
32,1,2956,1,1,1,0,4,3,1,1,4,3,3,0,13,0,0,2,1,1,0,0,0,True,False,False,True,False,False,False,2,1,0.5,89.57575757575758,2,3.0
20,0,2926,1,1,1,0,4,2,1,4,2,3,3,1,18,1,0,5,6,3,1,0,0,True,False,False,True,False,False,False,1,2,0.5,139.33333333333334,0,3.25
34,0,4809,1,16,16,13,1,3,2,3,3,3,3,0,14,0,0,3,6,4,2,10,0,True,False,False,False,False,False,False,2,1,0.9411764705882353,137.4,2,2.5
37,1,5163,5,17,1,0,3,2,2,4,4,4,3,0,14,0,1,2,2,2,0,0,0,True,False,False,True,False,False,False,4,0,8.5,135.8684210526316,2,3.75
59,0,18844,9,30,3,2,3,2,5,4,4,3,4,0,21,0,1,3,2,4,2,2,1,False,True,False,False,False,True,False,8,0,7.5,314.06666666666666,4,3.5
50,0,18172,3,28,8,3,1,3,5,2,1,2,3,1,19,0,0,1,1,3,0,7,1,True,False,False,True,False,False,False,7,2,3.111111111111111,356.3137254901961,3,1.5
25,1,5744,1,6,6,4,3,2,2,3,4,3,3,1,11,1,0,1,5,3,0,3,0,False,False,False,False,True,False,False,5,1,0.8571428571428571,220.92307692307693,1,3.25
25,1,2889,1,2,2,2,4,2,1,4,3,3,3,0,11,0,2,2,7,1,2,1,1,True,False,False,False,False,False,True,2,1,0.6666666666666666,111.11538461538461,1,3.5
22,0,2871,1,1,0,0,2,3,1,4,3,3,3,0,15,0,0,5,15,3,0,0,0,True,False,False,False,False,False,True,1,1,1.0,124.82608695652173,1,3.0
51,0,7484,3,23,13,12,1,2,3,1,3,2,4,0,20,0,0,1,1,4,12,8,0,True,False,False,False,False,False,True,4,2,1.6428571428571428,143.92307692307693,4,1.75
34,1,6074,1,9,9,7,1,1,2,3,4,3,4,1,24,1,0,3,7,3,0,6,0,True,False,False,True,False,False,False,1,2,0.9,173.54285714285714,2,2.75
54,0,17328,2,23,5,3,4,4,4,4,3,3,3,1,12,0,0,3,26,3,4,4,0,False,True,False,False,False,True,False,8,0,3.8333333333333335,315.05454545454546,4,3.5
24,1,2774,0,6,5,3,2,3,1,3,3,3,3,0,12,0,1,2,18,1,1,2,1,True,False,False,True,False,False,False,1,1,1.0,110.96,1,2.75
34,0,4505,6,12,1,0,3,2,2,2,3,3,3,0,15,0,1,3,6,4,0,0,0,True,False,False,True,False,False,False,2,1,6.0,128.71428571428572,2,2.75
37,1,7428,2,12,5,3,3,3,3,4,1,3,3,0,12,0,0,3,3,3,1,3,0,False,False,False,True,False,False,False,5,1,2.0,195.47368421052633,2,2.75
34,0,11631,2,14,11,10,3,2,3,1,4,3,3,0,12,0,0,6,5,3,5,8,0,True,False,False,False,False,False,True,8,1,1.1666666666666667,332.3142857142857,2,2.75
36,0,9738,0,10,9,7,2,3,3,4,3,3,3,0,14,0,1,6,11,2,2,8,1,False,False,True,False,False,False,False,5,2,1.0,263.18918918918916,2,3.0
36,0,2835,5,7,1,0,1,3,1,4,1,3,4,0,22,0,1,2,3,2,0,0,0,True,False,False,True,False,False,False,1,1,3.5,76.62162162162163,2,2.25
43,1,16959,1,25,25,12,3,3,4,4,4,4,3,1,12,0,2,3,26,2,4,12,1,False,False,False,True,False,False,False,8,2,0.9615384615384616,385.4318181818182,3,3.75
30,1,2613,1,10,10,7,1,1,1,3,3,2,4,0,25,0,3,2,23,3,0,9,0,True,False,False,True,False,False,False,2,2,0.9090909090909091,84.29032258064517,1,2.25
33,1,6146,0,8,7,7,3,3,2,2,1,4,3,0,13,0,1,2,22,2,0,7,1,False,False,False,False,True,False,False,5,0,1.0,180.76470588235293,2,2.5
56,0,4963,9,7,5,4,2,3,1,2,1,3,3,1,18,1,3,2,14,4,4,3,1,True,False,False,True,False,False,False,2,1,1.1666666666666667,87.0701754385965,4,2.0
51,1,19537,7,23,20,18,1,3,5,3,3,3,3,0,13,0,0,5,6,3,15,15,0,True,False,False,True,False,False,False,7,1,1.0952380952380953,375.71153846153845,4,2.5
31,1,6172,4,12,7,7,2,1,2,3,2,2,3,1,18,1,0,3,6,4,7,7,1,False,False,False,True,False,False,False,5,1,1.5,192.875,2,2.25
26,0,2368,1,5,5,4,3,2,1,2,3,2,3,0,19,0,0,3,6,3,4,3,1,True,False,False,False,False,False,False,2,1,0.8333333333333334,87.70370370370371,1,2.5
58,0,10312,1,40,40,10,4,3,3,4,4,2,3,0,12,1,1,3,23,4,15,6,1,True,False,False,False,False,False,True,4,1,0.975609756097561,174.77966101694915,4,3.5
19,1,1675,1,0,0,0,4,3,1,3,4,2,3,1,19,1,0,2,22,1,0,0,0,False,False,False,False,True,False,False,6,1,0.0,83.75,0,3.25
22,1,2523,0,3,2,1,3,3,1,4,3,3,3,0,14,0,1,2,2,1,2,1,1,True,False,True,False,False,False,False,1,1,1.0,109.69565217391305,1,3.25
49,0,6567,1,16,15,11,3,3,2,1,3,2,3,0,14,0,0,2,20,4,5,11,1,True,False,False,False,False,False,True,3,1,1.0,131.34,3,2.25
43,0,4739,4,18,3,2,2,4,1,3,4,3,3,0,12,0,0,2,28,3,1,2,0,True,False,False,False,False,False,True,2,2,4.5,107.70454545454545,3,3.0
50,0,9208,4,16,2,2,3,3,3,4,4,3,3,0,11,0,0,3,12,3,2,1,0,False,False,False,False,True,False,False,5,2,5.333333333333333,180.54901960784315,3,3.5
31,0,4559,3,4,2,2,2,1,2,3,3,3,3,1,11,1,1,2,20,3,2,2,1,False,False,False,True,False,False,False,5,1,1.3333333333333333,142.46875,2,2.75
41,1,8189,3,12,9,7,3,3,3,3,3,3,3,1,13,0,1,2,9,1,0,7,0,False,False,False,True,False,False,False,5,1,1.2,194.97619047619048,3,3.0
26,0,2942,1,8,8,7,3,3,1,3,4,3,4,0,23,0,1,3,25,1,5,7,1,False,True,False,True,False,False,False,4,1,0.8888888888888888,108.96296296296296,1,3.25
36,1,4941,6,7,3,2,2,3,2,2,4,3,4,0,20,0,2,0,6,2,0,1,0,True,False,False,False,False,False,True,3,1,1.75,133.54054054054055,2,2.75
51,1,10650,2,18,4,2,1,1,3,4,4,3,3,0,15,1,0,2,8,4,0,3,0,True,False,False,True,False,False,False,3,2,3.6,204.80769230769232,4,3.0
39,0,5902,4,17,15,11,4,2,2,3,3,4,3,0,14,0,1,1,4,4,5,9,1,False,False,False,True,False,False,False,5,1,1.0625,147.55,2,3.5
25,1,8639,2,6,2,2,1,2,2,3,4,3,3,0,18,0,0,3,28,3,2,2,1,False,False,False,True,False,False,False,5,1,2.0,332.2692307692308,1,2.75
30,1,6347,0,12,11,9,3,3,2,4,4,1,3,1,19,0,0,2,9,3,4,7,1,False,True,False,False,False,True,False,4,1,1.0,204.74193548387098,1,3.0
32,0,4200,7,10,5,4,1,3,1,1,1,4,4,0,22,1,0,2,9,3,0,4,0,True,False,False,False,False,False,True,1,1,1.6666666666666667,127.27272727272727,2,1.75
45,1,3452,5,9,6,5,3,3,1,4,2,2,3,0,13,0,0,2,29,3,0,3,0,True,False,False,False,False,False,True,2,1,1.2857142857142858,75.04347826086956,3,2.75
38,0,4317,3,19,3,2,4,3,2,3,2,3,4,1,20,0,0,2,3,5,2,2,0,True,False,True,False,False,False,False,2,1,4.75,110.6923076923077,2,3.0
30,0,2632,1,5,5,4,1,3,1,3,3,2,3,0,14,0,0,4,18,3,0,4,0,True,False,False,True,False,False,False,2,1,0.8333333333333334,84.90322580645162,1,2.25
32,1,4668,0,9,8,7,4,1,2,4,4,4,3,0,17,0,3,2,9,2,0,7,0,False,False,False,False,False,False,True,5,2,1.0,141.45454545454547,2,4.0
30,0,3204,5,8,3,2,4,3,1,1,4,3,3,0,14,0,1,3,5,3,2,2,0,True,False,True,False,False,False,False,2,1,2.0,103.35483870967742,1,3.0
30,1,2720,0,6,5,3,2,2,1,4,4,3,3,0,13,0,0,3,2,1,1,2,0,True,False,False,False,False,False,True,1,1,1.0,87.74193548387096,1,3.25
41,1,17181,4,21,7,6,4,2,4,1,2,2,3,0,13,0,1,2,10,3,7,7,0,True,False,False,True,False,False,False,8,2,2.625,409.07142857142856,3,2.25
41,1,2238,2,7,5,0,3,3,1,1,4,3,4,0,21,0,1,2,9,4,1,4,1,True,False,False,True,False,False,False,1,1,1.1666666666666667,53.285714285714285,3,2.75
19,0,1483,1,1,1,0,2,3,1,2,4,3,3,0,14,0,0,3,3,1,0,0,0,True,False,False,False,False,False,True,1,1,0.5,74.15,0,2.75
40,0,5605,1,20,20,7,2,3,2,2,1,3,3,0,11,0,1,2,26,3,2,13,0,True,False,False,False,False,False,True,2,2,0.9523809523809523,136.70731707317074,2,2.0
35,1,7295,1,10,10,8,3,3,3,2,1,3,3,0,13,0,2,3,1,5,0,6,1,False,False,False,False,True,False,False,5,1,0.9090909090909091,202.63888888888889,2,2.25
53,1,2306,2,13,7,7,2,3,2,3,4,1,4,1,20,0,1,3,6,2,4,5,1,False,False,False,False,True,False,False,6,1,1.625,42.7037037037037,4,2.5
45,1,2348,8,20,17,9,2,3,2,2,3,1,3,0,18,0,1,2,9,3,0,15,0,True,False,False,True,False,False,False,1,1,1.1111111111111112,51.04347826086956,3,2.0
32,0,8998,1,9,9,8,2,3,3,4,4,3,3,0,14,0,0,2,8,3,3,7,0,False,False,False,False,True,False,False,5,2,0.9,272.6666666666667,2,3.25
29,1,4319,1,10,10,7,4,3,2,3,1,3,3,0,13,0,1,1,1,1,0,9,1,True,False,True,False,False,False,False,3,0,0.9090909090909091,143.96666666666667,1,2.75
51,1,6132,2,10,1,0,2,2,2,3,3,3,3,0,17,0,0,2,7,4,0,0,1,True,False,False,False,False,False,True,3,1,5.0,117.92307692307692,4,2.75
58,0,3346,4,9,1,0,2,2,1,2,2,2,4,1,20,0,1,3,9,3,0,0,1,True,False,False,False,False,False,True,2,1,4.5,56.71186440677966,4,2.0
40,1,10855,7,15,12,11,3,2,3,4,1,2,3,0,11,0,1,2,4,4,2,11,1,False,False,False,False,True,False,False,5,1,1.1538461538461537,264.7560975609756,2,2.5
34,0,2231,6,6,4,3,3,3,1,3,4,3,3,0,18,0,1,3,2,4,1,2,1,False,False,False,False,True,False,False,6,2,1.2,63.74285714285714,2,3.25
22,1,2323,1,2,2,2,3,3,1,4,1,3,4,0,24,0,2,6,19,1,2,2,1,True,False,False,False,False,False,True,2,1,0.6666666666666666,101.0,1,2.75
27,1,2024,6,6,2,2,4,3,1,2,4,1,3,0,18,0,1,1,9,3,2,2,0,True,False,False,False,False,False,True,2,0,2.0,72.28571428571429,1,2.75
28,1,2713,1,5,5,2,3,3,1,4,3,1,3,0,11,0,1,2,21,3,0,2,1,True,False,False,False,False,False,True,2,1,0.8333333333333334,93.55172413793103,1,2.75
57,1,9439,3,12,5,3,3,4,3,4,2,1,3,1,16,0,1,2,24,2,1,4,0,True,False,False,True,False,False,False,4,1,2.0,162.74137931034483,4,2.5
27,1,2566,1,1,1,1,3,2,1,3,4,2,3,1,15,0,1,2,3,3,0,1,0,True,False,False,False,False,False,True,2,0,0.5,91.64285714285714,1,3.0
50,0,19926,3,21,5,4,3,3,5,2,2,3,3,0,15,0,0,5,11,3,4,4,0,True,False,False,True,False,False,False,8,1,3.5,390.70588235294116,3,2.5
41,1,2451,4,13,9,8,1,3,1,3,1,3,3,0,12,0,1,2,14,3,1,8,0,True,False,False,True,False,False,False,2,1,1.3,58.357142857142854,3,2.0
30,0,9419,2,12,10,9,2,3,3,4,3,3,3,0,12,0,1,2,5,3,7,4,1,False,False,False,True,False,False,False,5,1,1.0909090909090908,303.83870967741933,1,3.0
38,0,8686,4,12,8,3,1,2,2,4,3,4,4,0,22,0,0,2,1,4,0,7,0,False,False,False,True,False,False,False,5,1,1.3333333333333333,222.71794871794873,2,3.0
32,1,3038,3,8,5,4,3,3,1,3,1,3,4,0,20,0,0,2,6,5,1,4,0,True,False,False,True,False,False,False,2,1,1.3333333333333333,92.06060606060606,2,2.5
27,1,3058,0,6,5,2,3,3,1,2,4,2,3,1,16,0,1,3,17,3,1,1,1,True,False,True,False,False,False,False,2,1,1.0,109.21428571428571,1,2.75
19,0,2325,0,1,0,0,3,1,1,1,1,4,4,0,21,1,0,5,1,1,0,0,0,False,False,True,False,False,False,False,6,2,1.0,116.25,0,2.25
36,1,2088,4,13,8,7,4,3,1,2,3,2,3,0,12,0,0,3,3,2,7,2,0,True,False,False,False,False,False,True,1,2,1.4444444444444444,56.432432432432435,2,2.75
30,1,3072,1,12,12,9,3,3,2,1,3,3,3,0,11,0,2,4,9,3,6,10,0,True,False,False,False,False,False,True,1,0,0.9230769230769231,99.09677419354838,1,2.5
45,0,5006,4,9,5,4,3,3,2,1,1,4,3,1,11,0,1,3,4,2,0,3,0,False,False,False,True,False,False,False,5,1,1.5,108.82608695652173,3,2.25
56,0,4257,4,19,2,2,3,3,1,1,3,3,3,1,18,0,1,3,8,3,2,2,0,True,False,False,True,False,False,False,2,1,6.333333333333333,74.6842105263158,4,2.5
33,1,2500,0,4,3,1,3,3,1,4,1,4,3,0,14,0,0,2,2,3,0,2,0,True,False,False,True,False,False,False,2,1,1.0,73.52941176470588,2,3.0
19,1,1102,1,1,1,0,2,2,1,4,3,2,4,0,22,1,0,3,2,3,1,0,0,True,False,False,True,False,False,False,1,1,0.5,55.1,0,2.75
46,0,10453,1,24,24,13,2,3,3,1,3,3,4,0,25,0,3,2,1,2,15,7,0,False,False,False,False,True,False,False,5,1,0.96,222.40425531914894,3,2.25
38,0,2288,1,2,2,2,3,3,1,4,3,3,3,0,12,0,0,3,9,2,2,1,0,True,False,False,True,False,False,False,1,1,0.6666666666666666,58.666666666666664,2,3.25
31,0,3929,8,7,4,2,3,3,1,4,3,3,4,1,23,0,1,0,12,1,0,2,1,True,False,False,False,False,False,True,2,1,1.4,122.78125,2,3.25
34,0,2311,2,9,3,2,4,3,1,2,4,3,3,0,15,0,0,3,27,2,1,2,0,True,False,False,False,False,False,True,2,1,2.25,66.02857142857142,2,3.25
41,0,3140,1,4,4,3,2,3,1,2,4,2,4,1,22,1,0,5,20,2,0,2,0,False,False,False,False,True,False,False,6,1,0.8,74.76190476190476,3,2.5
50,1,3690,2,5,3,2,3,2,1,3,4,2,3,0,15,0,1,2,1,3,0,2,1,True,False,False,False,False,False,True,1,1,1.25,72.3529411764706,3,3.0
53,0,4450,1,5,4,2,4,4,2,1,3,3,3,0,11,0,2,3,13,2,1,3,0,True,False,False,False,False,False,True,3,1,1.0,82.4074074074074,4,2.75
33,0,2756,1,8,8,7,4,3,1,2,4,3,3,0,13,0,1,5,14,3,1,6,1,True,False,False,False,False,False,True,2,1,0.8888888888888888,81.05882352941177,2,3.25
40,0,19033,1,21,20,8,4,3,5,3,2,3,3,0,14,0,1,2,4,1,9,9,1,True,False,False,False,False,False,True,8,1,1.0,464.219512195122,2,3.0
55,1,18722,8,36,24,15,3,4,5,2,4,3,3,0,11,0,0,3,14,4,2,15,0,True,False,False,False,False,False,True,7,1,1.44,334.32142857142856,4,3.0
34,1,9547,1,10,10,9,4,2,2,3,3,2,3,0,17,0,0,2,2,1,1,9,1,True,False,False,True,False,False,False,3,2,0.9090909090909091,272.77142857142854,2,3.0
51,0,13734,3,21,7,7,4,3,4,2,3,3,3,0,18,0,0,6,3,3,1,0,0,True,False,False,False,False,False,True,4,1,2.625,264.11538461538464,4,3.0
52,1,19999,0,34,33,18,3,2,5,3,1,3,3,0,14,0,1,5,1,4,11,9,1,True,False,False,True,False,False,False,8,1,1.0,377.33962264150944,4,2.5
27,0,2279,1,7,7,7,4,3,1,2,4,2,3,0,16,0,0,2,9,3,0,3,0,True,False,False,False,False,False,True,2,1,0.875,81.39285714285714,1,3.0
35,1,5916,3,8,1,0,2,2,2,3,1,3,3,1,13,1,0,1,23,2,0,1,1,True,False,False,True,False,False,False,3,1,4.0,164.33333333333334,2,2.25
43,1,2089,4,7,5,4,4,4,1,4,4,4,3,0,14,0,3,3,7,3,2,2,0,True,False,False,False,False,False,True,2,0,1.1666666666666667,47.47727272727273,3,4.0
45,1,16792,9,22,20,8,1,2,4,4,4,3,4,0,23,0,1,1,2,2,11,8,1,True,False,False,False,False,False,True,8,0,1.0476190476190477,365.04347826086956,3,3.0
37,1,3564,1,8,8,7,2,4,1,1,1,2,3,1,12,0,1,3,21,3,1,7,1,True,False,False,True,False,False,False,2,1,0.8888888888888888,93.78947368421052,2,1.5
35,0,4425,5,10,6,2,2,3,2,2,4,3,3,0,11,0,0,5,2,3,1,2,0,True,False,False,False,False,False,True,1,2,1.4285714285714286,122.91666666666667,2,2.75
42,0,5265,2,11,5,3,3,3,2,3,2,3,3,0,16,0,1,5,21,2,0,2,0,True,False,False,False,False,False,True,3,0,1.8333333333333333,122.44186046511628,3,2.75
38,1,6553,9,14,1,0,4,3,2,3,2,3,3,0,14,0,0,3,2,4,0,0,1,True,False,False,True,False,False,False,3,1,7.0,168.02564102564102,2,3.0
38,1,6261,3,9,7,7,4,3,2,4,1,1,3,0,18,0,1,3,29,3,1,7,1,True,False,True,False,False,False,False,3,1,1.125,160.53846153846155,2,2.5
27,1,4298,5,6,2,2,3,2,2,1,3,3,3,0,19,0,1,1,1,1,2,0,1,True,False,True,False,False,False,False,3,2,2.0,153.5,1,2.5
49,1,6804,1,7,7,7,4,3,2,4,1,3,3,1,15,0,2,0,18,4,1,7,0,True,False,False,True,False,False,False,3,0,0.875,136.08,3,3.0
34,1,3815,1,5,5,3,4,3,1,3,4,4,3,1,17,0,1,4,10,4,2,0,0,True,False,False,False,False,False,True,2,2,0.8333333333333334,109.0,2,3.75
40,1,2741,8,15,7,2,3,3,2,4,3,4,3,1,15,0,1,2,19,2,3,7,1,True,False,False,False,False,False,True,1,1,1.875,66.85365853658537,2,3.5
38,1,6673,7,17,1,0,2,3,2,1,2,3,3,1,19,1,0,2,29,1,0,0,1,True,False,False,False,False,False,True,4,1,8.5,171.10256410256412,2,2.0
29,0,7639,1,10,10,4,2,3,3,4,4,2,4,0,22,1,3,3,27,3,1,9,1,False,False,False,False,True,False,False,5,1,0.9090909090909091,254.63333333333333,1,3.0
22,1,2328,1,4,4,2,4,4,1,2,1,2,3,1,16,0,1,2,5,3,2,2,0,True,False,False,True,False,False,False,2,1,0.8,101.21739130434783,1,2.25
36,0,2153,1,8,8,1,2,3,1,4,1,3,3,0,13,0,0,2,18,1,1,7,0,True,False,False,False,False,False,True,1,2,0.8888888888888888,58.189189189189186,2,2.5
40,1,4876,9,5,3,2,4,2,2,4,4,1,3,0,14,0,1,5,9,5,0,2,1,True,False,False,True,False,False,False,4,0,1.25,118.92682926829268,2,3.25
46,1,9396,7,17,4,2,4,3,3,1,3,3,3,0,16,0,1,3,1,4,0,3,0,True,False,False,False,False,False,True,4,1,3.4,199.91489361702128,3,2.75
32,1,10400,1,14,14,8,4,1,3,4,3,2,3,0,11,1,0,2,4,4,9,8,1,False,False,False,False,False,False,True,5,1,0.9333333333333333,315.1515151515151,2,3.25
30,1,8474,1,12,11,8,3,2,3,3,3,3,4,0,22,0,0,2,1,1,5,8,0,True,False,False,True,False,False,False,3,0,1.0,273.35483870967744,1,3.0
27,0,9981,1,7,7,7,4,3,2,3,4,3,3,0,14,0,0,2,20,3,0,7,0,False,False,False,True,False,False,False,5,2,0.875,356.4642857142857,1,3.5
51,1,12490,5,16,10,9,2,2,3,2,4,1,3,0,16,0,2,5,8,4,4,7,1,True,False,False,True,False,False,False,7,1,1.4545454545454546,240.19230769230768,4,2.25
30,0,2657,5,8,5,2,4,3,1,1,3,3,3,1,11,1,0,5,3,3,0,4,0,True,False,True,False,False,False,False,2,1,1.3333333333333333,85.70967741935483,1,2.75
41,0,13591,3,16,1,0,4,3,3,4,3,3,3,1,18,0,0,3,6,3,0,0,0,False,False,False,True,False,False,False,8,1,8.0,323.5952380952381,3,3.5
30,0,6696,5,9,6,3,3,2,2,1,3,2,3,0,15,1,0,5,26,4,0,1,0,False,False,False,False,True,False,False,5,2,1.2857142857142858,216.0,1,2.25
29,1,2058,0,7,6,2,3,3,1,3,4,2,3,0,14,1,0,1,1,3,1,5,0,True,False,True,False,False,False,False,2,1,1.0,68.6,1,3.0
45,0,8865,6,23,19,7,4,2,3,4,4,3,3,0,12,0,0,2,6,3,12,8,0,False,False,False,False,False,False,True,5,0,1.15,192.7173913043478,3,3.75
54,0,5940,2,16,6,2,4,3,2,1,4,3,3,0,14,0,1,4,3,3,0,5,1,False,False,False,False,True,False,False,5,1,2.2857142857142856,108.0,4,3.0
36,1,5914,8,16,13,11,4,3,2,2,4,4,3,0,16,0,0,3,5,2,3,7,0,True,False,False,True,False,False,False,1,1,1.1428571428571428,159.83783783783784,2,3.5
33,0,2622,6,7,3,2,3,2,1,2,4,3,4,0,21,0,0,3,4,4,1,1,1,True,False,False,False,False,False,True,2,1,1.75,77.11764705882354,2,3.0
37,1,12185,1,10,10,8,2,3,3,4,3,3,3,1,14,0,3,1,11,3,0,7,0,True,False,False,False,False,False,False,7,2,0.9090909090909091,320.6578947368421,2,3.0
38,1,10609,0,17,16,10,1,3,3,3,3,2,3,0,12,0,2,6,3,3,5,13,0,False,False,False,True,False,False,False,5,1,1.0,272.02564102564105,2,2.25
31,1,4345,0,6,5,4,3,1,2,3,4,3,3,0,12,0,1,2,1,4,1,4,1,True,False,False,False,False,False,True,3,0,1.0,135.78125,2,3.25
59,1,2177,3,7,1,0,3,2,1,4,1,3,3,0,17,0,1,6,3,3,0,0,1,True,False,False,True,False,False,False,2,1,3.5,36.28333333333333,4,2.75
37,1,2793,4,13,9,8,1,3,1,4,3,3,3,0,17,0,1,2,4,4,5,8,0,False,False,False,False,True,False,False,6,2,1.3,73.5,2,2.75
29,0,7918,1,11,11,10,2,3,3,4,4,3,3,0,14,0,1,5,1,1,4,1,1,False,False,False,False,False,False,True,5,2,0.9166666666666666,263.93333333333334,1,3.25
35,0,8789,1,10,10,7,3,3,3,3,1,4,3,0,14,0,0,3,1,3,0,8,0,False,False,False,False,True,False,False,5,2,0.9090909090909091,244.13888888888889,2,2.75
29,1,2389,1,4,4,3,3,2,1,4,3,2,3,1,13,1,0,3,18,1,0,1,0,True,False,False,False,False,False,True,2,1,0.8,79.63333333333334,1,3.0
52,0,3212,7,6,2,2,3,2,1,4,2,2,3,0,15,0,0,3,2,3,2,2,0,True,False,False,True,False,False,False,1,1,2.0,60.60377358490566,4,2.75
42,1,19232,1,22,22,17,3,3,5,4,4,3,3,0,11,0,0,3,4,2,11,15,1,True,False,True,False,False,False,False,8,1,0.9565217391304348,447.25581395348837,3,3.5
59,1,2267,8,7,2,2,2,3,1,3,4,2,3,0,17,0,0,2,6,2,2,2,1,False,True,False,False,False,False,True,4,1,2.3333333333333335,37.78333333333333,4,2.75
50,0,19517,3,32,7,0,4,3,5,4,3,2,3,0,11,0,1,3,1,4,0,6,0,False,False,False,False,False,False,True,8,1,4.0,382.6862745098039,3,3.25
33,1,2436,5,8,5,4,3,3,1,4,3,1,3,1,13,1,1,2,14,3,0,4,1,True,False,False,False,False,False,True,1,1,1.3333333333333333,71.6470588235294,2,2.75
43,0,16064,5,22,17,13,4,3,4,4,3,3,4,1,22,0,1,3,16,3,1,9,1,False,False,False,False,True,False,False,8,1,1.2222222222222223,365.09090909090907,3,3.5
33,0,2707,7,13,9,7,1,3,1,1,1,4,4,0,20,1,0,3,2,2,1,7,1,True,False,False,True,False,False,False,1,1,1.3,79.61764705882354,2,1.75
52,1,19068,1,33,33,7,1,2,5,3,4,4,3,1,18,0,0,2,2,4,15,12,0,False,False,False,True,False,False,False,8,0,0.9705882352941176,359.77358490566036,4,3.0
32,0,3931,2,6,4,3,3,3,1,2,1,3,3,0,11,0,1,5,4,2,1,2,1,False,False,False,True,False,False,False,6,1,1.2,119.12121212121212,2,2.25
32,1,3730,0,4,3,2,4,2,1,3,4,1,3,1,14,1,0,2,1,3,1,2,0,True,False,False,True,False,False,False,1,1,1.0,113.03030303030303,2,3.0
39,0,2232,7,7,3,2,3,3,1,3,3,3,3,0,14,0,3,1,1,4,1,2,0,True,False,False,False,False,False,True,1,1,1.75,55.8,2,3.0
32,1,4465,0,4,3,2,3,3,2,4,1,3,3,0,18,0,0,2,26,4,2,2,1,False,False,False,False,True,False,False,5,0,1.0,135.3030303030303,2,2.75
41,1,3072,2,17,1,0,3,3,2,1,1,2,3,0,16,0,2,2,19,2,0,0,0,True,False,False,True,False,False,False,2,1,8.5,73.14285714285714,3,1.75
40,1,3319,1,9,9,8,1,3,2,4,1,3,3,0,17,0,2,3,24,2,4,7,0,True,False,True,False,False,False,False,2,1,0.9,80.95121951219512,2,2.25
45,1,19202,0,25,24,0,3,4,5,4,3,3,3,0,11,0,1,2,1,3,1,7,1,True,False,False,False,False,False,False,8,1,1.0,417.4347826086956,3,3.25
31,1,13675,9,9,2,2,2,3,3,3,1,3,3,0,12,0,1,3,3,4,2,2,0,True,False,False,False,False,False,True,7,2,3.0,427.34375,2,2.25
33,0,2911,1,2,2,2,3,2,1,4,3,2,3,0,13,0,1,2,5,4,0,2,1,True,False,False,True,False,False,False,2,1,0.6666666666666666,85.61764705882354,2,3.0
34,1,5957,6,13,11,9,4,2,2,1,2,3,3,0,13,0,1,3,2,4,5,9,1,True,False,False,True,False,False,False,3,1,1.0833333333333333,170.2,2,2.5
37,0,3920,2,17,3,1,3,2,1,1,1,2,3,0,14,0,1,2,1,2,0,2,1,True,False,False,False,False,False,True,2,1,4.25,103.15789473684211,2,1.75
45,1,6434,4,9,3,2,1,4,2,3,4,3,3,0,17,0,1,1,7,4,0,2,1,True,False,False,True,False,False,False,3,2,2.25,139.8695652173913,3,2.75
37,1,10048,6,17,1,0,1,3,3,3,2,3,3,0,11,1,2,5,10,3,0,0,0,True,False,False,False,False,False,True,3,2,8.5,264.42105263157896,2,2.25
39,0,10938,0,20,19,6,3,3,3,3,4,3,4,0,25,0,0,1,2,4,11,8,0,True,False,True,False,False,False,False,4,2,1.0,273.45,2,3.25
29,1,2340,1,6,6,5,3,3,1,4,1,3,3,0,19,0,0,1,15,3,1,5,0,True,False,False,True,False,False,False,2,1,0.8571428571428571,78.0,1,2.75
42,0,6545,3,10,3,2,4,4,2,1,3,3,3,1,13,0,0,1,17,2,0,2,0,True,False,False,True,False,False,False,2,1,2.5,152.2093023255814,3,2.75
29,1,6931,2,10,3,2,4,3,2,4,4,3,3,0,14,0,1,2,20,2,0,2,0,False,False,False,False,True,False,False,5,1,2.5,231.03333333333333,1,3.75
25,0,4898,0,5,4,2,1,3,2,3,4,3,3,0,12,0,2,3,1,3,1,2,1,True,False,False,True,False,False,False,3,1,1.0,188.3846153846154,1,2.75
42,0,2593,0,10,9,6,4,2,1,1,3,3,3,1,11,0,1,4,2,3,7,8,0,True,False,False,False,False,False,True,1,1,1.0,60.30232558139535,3,2.75
40,1,19436,0,22,21,7,1,3,5,3,4,3,3,0,19,0,1,5,2,2,3,9,0,True,False,False,False,False,False,True,7,1,1.0,474.0487804878049,2,2.75
51,1,2723,1,1,1,0,3,3,1,4,2,2,3,0,11,0,0,0,1,3,0,0,1,True,False,False,True,False,False,False,2,1,0.5,52.36538461538461,4,2.75
31,1,3479,0,6,5,4,3,2,1,2,2,4,3,0,11,1,0,2,29,2,1,4,0,True,False,False,False,False,False,True,1,2,1.0,108.71875,2,2.75
32,1,2794,1,5,5,1,2,4,1,2,3,1,4,0,20,0,0,3,7,3,0,3,1,True,False,False,True,False,False,False,1,2,0.8333333333333334,84.66666666666667,2,2.0
38,1,5249,3,13,8,7,4,2,2,4,4,3,3,0,18,0,1,0,2,2,7,5,1,False,False,False,True,False,False,False,5,0,1.4444444444444444,134.5897435897436,2,3.75
32,1,2176,4,9,6,2,4,2,2,1,4,3,3,0,13,0,0,5,2,1,0,4,0,True,False,True,False,False,False,False,1,1,1.2857142857142858,65.93939393939394,2,3.0
46,0,16872,3,28,7,7,3,1,4,2,2,2,3,1,12,0,1,2,2,3,7,7,1,False,False,True,False,False,False,False,8,1,3.5,358.97872340425533,3,2.25
28,1,3485,2,5,0,0,1,3,1,3,3,1,3,0,11,1,0,5,2,4,0,0,0,True,False,False,True,False,False,False,1,1,5.0,120.17241379310344,1,2.0
29,1,6644,2,10,0,0,1,2,2,2,2,3,3,0,19,0,2,2,2,3,0,0,1,False,False,False,False,False,False,True,5,1,10.0,221.46666666666667,1,2.0
31,1,5582,0,10,9,0,2,2,2,4,2,3,4,0,21,0,1,2,23,3,7,8,1,True,False,False,False,False,False,True,4,1,1.0,174.4375,2,2.75
25,1,4000,1,6,6,3,2,4,2,1,4,3,3,0,12,0,2,2,5,2,1,5,0,True,False,False,True,False,False,False,4,0,0.8571428571428571,153.84615384615384,1,2.5
45,1,13496,0,21,20,7,3,3,4,4,2,3,3,1,14,0,0,2,20,2,4,10,1,True,False,False,False,False,False,True,4,1,1.0,293.39130434782606,3,3.0
36,1,3210,0,16,15,13,4,3,1,4,3,3,3,0,11,0,1,4,6,3,10,11,1,True,False,False,True,False,False,False,1,1,1.0,86.75675675675676,2,3.5
55,1,19045,0,37,36,10,4,3,5,1,3,3,3,1,14,0,0,2,1,3,4,13,0,True,False,False,False,False,False,True,8,1,1.0,340.0892857142857,4,2.75
47,1,11849,1,10,10,7,1,3,3,2,4,2,3,1,12,1,1,2,29,4,9,9,1,True,False,False,True,False,False,False,8,0,0.9090909090909091,246.85416666666666,3,2.25
28,1,2070,1,5,5,2,4,3,1,4,4,2,4,0,23,0,1,3,9,3,0,4,1,True,False,False,False,False,False,True,2,1,0.8333333333333334,71.37931034482759,1,3.5
37,1,6502,4,7,5,4,3,3,2,4,2,4,3,0,14,0,1,5,6,4,0,1,1,False,False,False,False,False,False,True,5,1,1.1666666666666667,171.10526315789474,2,3.25
21,1,3230,1,3,3,2,4,2,1,3,1,4,3,0,17,0,0,4,3,2,1,0,0,True,False,False,False,False,False,True,2,1,0.75,146.8181818181818,1,3.0
37,0,13603,2,15,5,2,1,3,3,4,1,3,3,1,18,0,2,2,1,4,0,2,0,True,False,False,False,False,False,True,7,0,2.5,357.9736842105263,2,2.25
35,0,11996,7,10,7,7,2,4,3,2,2,2,3,0,18,0,1,6,22,3,6,2,0,True,False,False,True,False,False,False,8,1,1.25,333.22222222222223,2,2.0
38,0,5605,1,8,8,0,1,4,2,1,3,3,4,1,24,0,1,3,7,2,7,7,0,False,False,False,False,False,False,True,5,1,0.8888888888888888,143.71794871794873,2,2.0
26,0,6397,1,6,6,5,3,3,2,2,1,1,4,0,20,0,1,6,1,3,1,4,0,True,False,False,True,False,False,False,3,2,0.8571428571428571,236.92592592592592,1,1.75
50,1,19144,3,28,10,4,1,3,5,2,1,2,3,0,14,0,2,4,4,1,1,6,0,True,False,False,True,False,False,False,7,1,2.5454545454545454,375.37254901960785,3,1.5
53,1,17584,3,21,5,3,3,3,4,3,4,2,3,1,16,0,3,5,3,4,1,3,1,True,False,False,False,False,False,True,7,1,3.5,325.6296296296296,4,3.0
42,1,4907,1,20,20,16,2,3,2,3,3,3,4,0,25,0,0,3,1,1,11,6,1,False,False,False,True,False,False,False,5,1,0.9523809523809523,114.11627906976744,3,2.75
29,1,4554,1,10,10,7,2,3,2,4,1,2,3,0,18,0,0,3,2,2,0,9,0,False,False,False,True,False,False,False,5,2,0.9090909090909091,151.8,1,2.25
55,1,5415,3,12,10,7,2,3,2,4,4,3,3,1,19,0,1,4,20,2,0,8,1,True,False,True,False,False,False,False,1,1,1.0909090909090908,96.69642857142857,4,3.25
26,1,4741,1,5,5,3,1,3,2,1,3,3,3,1,13,0,1,3,11,2,3,3,1,True,False,False,False,False,False,True,4,2,0.8333333333333334,175.59259259259258,1,2.0
37,0,2115,1,17,17,12,4,3,1,4,2,3,3,0,12,0,0,3,1,3,5,7,0,True,False,False,True,False,False,False,2,1,0.9444444444444444,55.6578947368421,2,3.25
44,1,3161,3,19,1,0,4,3,1,3,4,1,4,1,22,1,1,0,24,3,0,0,0,True,False,False,True,False,False,False,1,2,9.5,70.24444444444444,3,3.0
38,1,5745,9,10,2,2,4,3,2,4,2,3,3,0,14,0,1,2,23,4,1,2,0,True,False,False,True,False,False,False,4,1,3.3333333333333335,147.30769230769232,2,3.25
26,1,2373,2,5,3,2,1,3,1,2,4,3,3,1,13,1,1,2,16,4,0,2,0,True,False,False,False,False,False,True,1,1,1.25,87.88888888888889,1,2.5
28,0,3310,1,5,5,3,4,3,1,4,4,3,4,0,21,0,0,3,8,2,0,2,0,True,False,False,True,False,False,False,2,1,0.8333333333333334,114.13793103448276,1,3.75
49,0,18665,9,22,3,2,3,3,5,1,4,3,3,1,11,0,0,4,10,4,1,2,0,True,False,False,True,False,False,False,7,2,5.5,373.3,3,2.75
36,1,4485,4,10,8,0,3,3,2,2,4,3,3,0,12,0,0,2,3,3,7,7,0,True,False,True,False,False,False,False,2,1,1.1111111111111112,121.21621621621621,2,3.0
31,0,2789,1,2,2,2,4,3,1,2,3,2,3,0,11,0,1,5,5,3,2,2,0,False,False,False,False,True,False,False,6,2,0.6666666666666666,87.15625,2,2.75
26,1,5828,1,8,8,7,4,2,2,4,2,3,3,1,12,1,0,0,4,4,7,4,0,False,False,False,False,True,False,False,5,1,0.8888888888888888,215.85185185185185,1,3.25
37,1,2326,1,4,4,2,2,3,1,4,3,2,3,1,12,0,3,3,9,3,1,2,1,True,False,False,False,False,False,True,2,2,0.8,61.21052631578947,2,2.75
42,0,13525,5,23,20,4,3,3,4,2,4,4,3,0,14,0,1,2,26,3,4,8,1,False,False,False,False,True,False,False,5,2,1.0952380952380953,314.5348837209302,3,3.25
18,1,1420,1,0,0,0,3,3,1,3,3,3,3,0,13,1,0,2,3,3,0,0,0,True,False,False,True,False,False,False,1,1,0.0,74.73684210526316,0,3.0
35,1,8020,0,12,11,9,3,3,3,2,3,2,3,0,15,0,2,3,16,3,6,9,1,False,False,False,False,True,False,False,5,1,1.0,222.77777777777777,2,2.5
36,1,3688,4,4,1,0,3,4,1,4,4,3,3,0,18,0,2,2,18,4,0,0,1,True,False,False,True,False,False,False,1,2,2.0,99.67567567567568,2,3.5
51,1,5482,5,13,4,1,4,1,2,2,4,3,3,0,18,0,1,3,2,3,1,2,0,True,False,False,False,False,False,True,3,1,2.6,105.42307692307692,4,3.25
41,1,16015,1,22,22,10,4,3,4,2,2,3,3,0,19,0,0,2,2,4,0,4,0,False,False,False,True,False,False,False,8,1,0.9565217391304348,381.3095238095238,3,2.75
18,0,1200,1,0,0,0,4,2,1,3,1,3,3,0,12,0,0,2,10,3,0,0,0,False,False,False,False,False,False,True,6,1,0.0,63.1578947368421,0,2.75
28,1,5661,0,9,8,3,2,4,2,1,3,3,3,0,19,0,0,2,16,2,0,7,0,True,False,False,False,False,False,True,4,1,1.0,195.20689655172413,1,2.25
31,1,6929,4,10,8,7,2,4,2,4,2,2,3,0,11,0,1,3,7,3,7,7,1,False,False,True,False,False,False,False,5,1,1.1111111111111112,216.53125,2,2.5
39,1,9613,0,19,18,10,3,4,3,4,1,2,3,0,17,0,3,5,1,3,3,7,0,True,False,False,False,False,False,True,4,1,1.0,240.325,2,2.5
36,0,5674,7,11,9,8,2,3,2,2,3,3,3,0,15,0,1,3,24,4,0,8,1,True,False,False,True,False,False,False,1,0,1.1,153.35135135135135,2,2.5
32,1,5484,1,13,13,8,4,2,2,3,3,2,3,0,14,0,1,3,7,3,4,8,1,False,False,False,True,False,False,False,5,1,0.9285714285714286,166.1818181818182,2,3.0
38,0,12061,3,19,10,8,1,2,3,2,3,3,3,0,17,0,1,2,25,2,0,1,1,True,False,False,True,False,False,False,7,1,1.7272727272727273,309.2564102564103,2,2.25
58,1,5660,2,12,5,3,4,1,2,3,4,3,3,1,13,0,1,2,1,4,1,2,0,True,False,False,True,False,False,False,4,0,2.0,95.9322033898305,4,3.5
31,1,4821,0,6,5,2,3,3,1,4,3,3,3,1,12,0,1,4,5,4,0,3,1,True,False,True,False,False,False,False,2,1,1.0,150.65625,2,3.25
31,1,6410,3,9,2,2,1,2,2,1,4,3,3,0,12,0,0,1,2,3,1,0,1,False,True,False,False,False,True,False,4,1,3.0,200.3125,2,2.25
45,1,5210,1,24,24,9,1,3,3,1,1,3,3,0,18,0,1,2,7,3,9,11,0,True,False,False,True,False,False,False,1,2,0.96,113.26086956521739,3,1.5
31,1,2695,0,3,2,2,3,3,1,4,2,1,3,1,18,0,1,2,2,4,2,2,0,True,False,False,True,False,False,False,2,1,1.0,84.21875,2,2.5
33,0,11878,6,12,10,6,4,3,3,2,2,3,3,0,11,0,2,2,5,4,8,8,1,True,False,False,True,False,False,False,8,2,1.0909090909090908,349.3529411764706,2,2.75
39,1,17068,1,21,21,9,3,3,4,1,4,3,3,1,14,0,0,3,10,1,11,10,1,True,False,False,False,False,False,True,8,1,0.9545454545454546,426.7,2,2.75
43,0,2455,0,9,8,7,3,3,1,4,1,3,3,0,19,0,0,5,10,4,1,7,0,True,False,False,True,False,False,False,1,2,1.0,55.79545454545455,3,2.75
49,0,13964,7,25,7,1,3,2,4,3,4,3,3,1,12,0,0,2,1,2,0,7,0,True,False,True,False,False,False,False,4,1,3.125,279.28,3,3.25
52,1,4941,2,11,8,2,3,2,2,2,1,2,3,0,15,1,0,3,8,4,7,7,1,True,False,False,False,False,False,True,2,1,1.2222222222222223,93.22641509433963,4,2.0
27,0,2478,1,4,4,3,3,3,1,2,2,2,3,1,12,0,0,2,5,3,1,2,0,True,False,False,True,False,False,False,2,1,0.8,88.5,1,2.25
32,0,5228,1,13,13,12,3,2,2,2,4,3,3,1,11,0,0,2,8,2,11,9,1,False,False,True,False,False,False,False,5,1,0.9285714285714286,158.42424242424244,2,3.0
27,1,4478,1,5,5,4,4,3,2,3,1,3,3,1,11,0,0,3,2,3,0,4,0,False,False,False,True,False,False,False,5,1,0.8333333333333334,159.92857142857142,1,2.75
31,1,7547,4,13,7,7,4,3,2,4,4,3,3,0,12,0,3,3,7,3,1,7,0,False,False,False,False,True,False,False,5,1,1.625,235.84375,2,3.75
32,0,5055,7,10,7,7,1,4,2,4,3,2,3,0,16,0,0,0,2,4,0,7,0,True,False,False,False,False,False,True,2,1,1.25,153.1818181818182,2,2.5
28,1,3464,5,5,3,2,1,1,1,4,4,2,3,1,13,1,0,4,2,4,2,2,1,True,False,False,False,False,False,True,2,1,1.25,119.44827586206897,1,2.75
30,0,5775,1,11,10,8,4,3,2,4,4,3,3,0,13,0,2,2,28,2,1,9,1,True,False,False,False,False,False,True,2,1,1.0,186.29032258064515,1,3.75
31,0,8943,1,10,10,9,3,2,3,3,1,3,4,0,24,0,1,2,7,2,8,9,1,True,False,False,True,False,False,False,3,2,0.9090909090909091,279.46875,2,2.5
39,1,19272,1,21,21,9,3,2,5,4,1,3,3,0,15,0,1,2,7,2,13,3,1,True,False,False,False,False,False,True,8,2,0.9545454545454546,481.8,2,2.75
39,0,5238,4,12,1,0,4,3,2,3,1,2,3,1,18,1,0,3,3,2,0,0,1,False,False,False,False,False,False,True,5,1,6.0,130.95,2,2.5
33,1,4682,3,9,7,7,2,2,2,4,3,2,3,0,14,0,0,6,10,3,0,1,0,False,False,False,False,True,False,False,5,2,1.125,137.7058823529412,2,2.75
47,1,18300,4,21,3,2,4,3,5,3,2,3,3,0,11,0,1,2,5,5,1,1,1,True,False,False,True,False,False,False,7,1,5.25,381.25,3,3.0
43,0,5257,1,9,9,7,3,2,2,3,2,4,3,0,11,0,1,3,10,4,0,0,0,True,False,False,True,False,False,False,1,2,0.9,119.47727272727273,3,3.0
27,1,6349,0,6,5,4,3,3,2,2,4,3,3,1,13,0,1,0,1,1,1,4,1,False,False,False,False,True,False,False,5,0,1.0,226.75,1,3.0
54,0,4869,3,20,4,3,4,3,2,3,4,2,3,0,12,0,0,4,20,4,0,3,0,True,False,False,True,False,False,False,2,2,4.0,88.52727272727273,4,3.25
43,0,9985,8,10,1,0,3,3,3,1,1,2,3,0,16,0,1,1,7,3,0,0,1,True,False,False,True,False,False,False,4,1,5.0,226.9318181818182,3,1.75
45,1,3697,9,12,10,9,4,3,2,4,1,3,3,0,14,0,2,3,8,4,9,8,1,True,False,False,False,False,False,False,2,1,1.0909090909090908,80.3695652173913,3,3.0
40,1,7457,2,6,4,3,2,1,2,4,3,2,4,1,22,0,3,2,1,2,0,2,1,False,False,False,False,False,False,True,5,1,1.2,181.8780487804878,2,2.75
29,1,2119,1,7,7,7,2,1,1,1,4,2,3,1,11,1,0,4,8,4,0,7,1,True,False,False,False,False,False,False,1,1,0.875,70.63333333333334,1,2.25
29,1,3983,0,4,3,2,2,2,1,4,3,3,3,0,17,0,0,2,9,5,2,2,0,True,False,False,False,False,False,False,1,1,1.0,132.76666666666668,1,3.0
30,0,6118,1,10,10,9,4,2,2,3,3,3,3,0,13,0,3,2,5,3,1,2,0,False,False,False,False,True,False,False,5,1,0.9090909090909091,197.3548387096774,1,3.25
27,0,6214,1,8,8,7,2,3,2,2,1,3,3,0,18,0,1,3,8,4,0,7,1,False,False,False,False,True,False,False,5,1,0.8888888888888888,221.92857142857142,1,2.0
37,1,6347,7,8,6,2,4,3,2,4,3,2,3,0,16,0,2,2,5,2,0,4,0,True,False,False,False,False,False,True,3,1,1.1428571428571428,167.02631578947367,2,3.25
38,1,11510,0,12,11,10,3,2,3,4,2,3,3,1,14,0,1,3,15,2,2,9,0,True,False,False,True,False,False,False,7,1,1.0,295.12820512820514,2,3.0
31,0,7143,1,11,11,9,3,3,3,4,3,2,3,1,14,0,0,2,7,4,4,10,0,True,False,False,False,False,False,True,3,1,0.9166666666666666,223.21875,2,3.0
29,0,8268,1,7,7,7,4,2,2,2,1,3,3,1,14,0,2,2,10,1,1,7,0,False,False,False,False,True,False,False,5,1,0.875,275.6,1,2.5
35,1,8095,0,17,16,6,3,3,3,2,4,3,3,0,13,0,0,5,5,4,0,13,0,True,False,True,False,False,False,False,3,1,1.0,224.86111111111111,2,3.0
23,1,2904,1,4,4,2,3,3,1,4,3,2,3,0,12,0,2,2,26,1,0,2,0,True,False,False,True,False,False,False,2,1,0.8,121.0,1,3.0
41,1,6032,6,8,5,4,4,2,2,2,4,3,3,1,15,0,0,3,6,3,1,2,0,True,False,False,False,False,False,True,3,1,1.3333333333333333,143.61904761904762,3,3.25
47,1,2976,3,5,0,0,2,3,2,3,1,3,3,0,19,0,0,3,4,1,0,0,0,False,False,False,False,False,False,True,6,2,5.0,62.0,3,2.25
42,0,15992,2,16,1,0,1,3,4,4,2,3,3,0,14,0,0,2,23,5,0,0,0,True,False,False,True,False,False,False,7,1,8.0,371.90697674418607,3,2.5
29,1,4649,1,4,4,3,4,3,2,3,1,2,3,0,14,0,1,3,2,3,0,2,1,False,False,False,True,False,False,False,5,0,0.8,154.96666666666667,1,2.5
42,1,2696,0,4,3,2,3,3,1,3,3,3,3,1,11,0,1,5,2,1,1,0,0,False,True,True,False,False,False,False,4,1,1.0,62.69767441860465,3,3.0
32,0,2370,1,8,8,0,3,3,1,2,3,3,3,0,13,0,1,4,2,3,0,7,1,True,False,False,False,False,False,True,1,1,0.8888888888888888,71.81818181818181,2,2.75
48,0,12504,3,15,0,0,1,3,3,3,2,1,4,0,21,0,1,3,29,1,0,0,1,False,False,False,False,False,False,True,8,1,15.0,255.18367346938774,3,1.75
37,1,5974,4,13,7,7,3,4,2,1,1,3,3,1,13,0,2,2,6,3,6,7,0,True,False,False,False,False,False,True,2,1,1.625,157.21052631578948,2,2.0
30,0,4736,7,4,2,2,4,3,2,3,2,4,3,1,12,0,1,2,25,2,2,2,1,False,False,True,False,False,False,False,5,0,1.3333333333333333,152.7741935483871,1,3.25
26,1,5296,1,8,8,7,3,3,2,3,2,3,3,0,17,0,1,3,1,3,7,7,1,False,False,False,True,False,False,False,5,1,0.8888888888888888,196.14814814814815,1,2.75
42,1,6781,3,14,1,0,1,2,2,4,2,3,4,0,23,0,0,6,2,4,0,0,0,True,False,False,False,False,False,False,4,1,7.0,157.69767441860466,3,2.5
21,0,2174,1,3,3,2,1,2,1,2,3,3,3,1,11,1,0,3,1,1,1,2,0,False,False,True,False,False,False,False,6,2,0.75,98.81818181818181,1,2.25
36,0,6653,4,7,1,0,4,3,2,4,2,3,3,0,15,0,0,6,1,5,0,0,0,False,False,False,False,False,False,True,5,0,3.5,179.8108108108108,2,3.25
36,1,9699,4,16,13,9,1,2,3,4,1,3,3,0,11,0,1,2,3,4,1,12,1,False,False,False,False,False,False,True,5,2,1.1428571428571428,262.13513513513516,2,2.25
57,1,6755,2,15,3,2,4,3,2,3,3,3,3,0,11,0,0,2,1,4,1,2,1,True,False,False,False,False,False,True,4,1,3.75,116.46551724137932,4,3.25
40,0,2213,3,10,7,7,4,4,1,3,3,3,3,1,13,0,1,3,10,4,1,7,1,True,False,False,True,False,False,False,1,1,1.25,53.97560975609756,2,3.25
21,1,2610,1,3,3,2,1,3,1,4,3,2,4,0,24,0,0,3,9,2,2,2,0,False,False,False,False,False,False,True,6,0,0.75,118.63636363636364,1,2.5
33,0,2851,1,1,1,0,4,3,1,3,2,3,3,1,13,1,0,2,5,3,0,0,0,False,False,False,False,True,False,False,6,1,0.5,83.8529411764706,2,3.0
37,0,3452,6,17,5,4,3,3,1,1,2,3,4,0,20,0,1,3,10,3,0,3,1,True,False,False,False,False,False,True,1,1,2.8333333333333335,90.84210526315789,2,2.25
46,0,5258,2,7,1,0,3,3,2,3,3,4,3,0,14,0,0,2,7,4,0,0,1,True,False,False,False,False,False,True,3,0,3.5,111.87234042553192,3,3.25
41,1,9355,1,8,8,7,1,3,2,2,3,3,3,0,18,1,0,5,4,3,7,7,0,False,False,False,False,True,False,False,5,2,0.8888888888888888,222.73809523809524,3,2.25
50,1,10496,6,20,4,3,4,2,3,4,4,3,3,0,15,0,0,2,10,3,1,3,0,True,False,True,False,False,False,False,4,1,4.0,205.80392156862746,3,3.75
40,1,6380,2,8,6,4,3,2,2,3,1,3,3,1,12,1,2,6,22,2,1,0,1,False,False,False,False,True,False,False,5,1,1.1428571428571428,155.609756097561,2,2.5
31,1,2657,0,3,2,2,3,2,1,2,4,3,3,1,16,0,0,5,9,4,2,2,0,True,False,False,True,False,False,False,2,1,1.0,83.03125,2,3.0
21,0,2716,1,1,1,0,3,4,1,2,4,3,3,0,15,1,0,0,12,3,0,0,0,False,False,False,True,False,False,False,6,1,0.5,123.45454545454545,1,3.0
29,1,2201,9,6,3,2,4,3,1,4,4,3,3,0,16,0,0,4,23,3,1,2,0,True,False,False,True,False,False,False,2,1,1.5,73.36666666666666,1,3.75
35,1,6540,9,10,1,1,3,2,2,2,3,3,3,0,19,0,0,5,9,4,0,0,0,True,False,False,True,False,False,False,4,1,5.0,181.66666666666666,2,2.75
27,1,3816,1,5,5,2,4,3,1,2,2,3,3,0,11,0,1,2,1,2,0,4,0,True,False,False,False,False,False,True,1,1,0.8333333333333334,136.28571428571428,1,2.75
28,1,5253,1,7,7,5,2,3,2,4,4,3,3,0,16,0,0,1,9,4,0,7,0,False,False,False,True,False,False,False,5,1,0.875,181.13793103448276,1,3.25
49,1,10965,8,26,5,2,2,2,3,3,3,3,4,0,24,0,0,2,7,3,0,0,0,True,False,False,False,False,False,False,4,1,4.333333333333333,219.3,3,2.75
51,0,4936,4,18,7,7,3,3,2,4,3,2,3,0,11,0,1,2,14,2,0,7,1,False,False,False,True,False,False,False,5,1,2.25,94.92307692307692,4,3.0
36,0,2543,4,6,2,2,4,3,1,3,2,3,3,0,13,0,1,3,2,3,2,2,1,True,False,False,True,False,False,False,2,1,2.0,68.72972972972973,2,3.0
34,1,5304,8,9,5,2,1,4,2,4,2,2,3,1,13,1,0,3,19,3,0,4,0,False,False,False,False,True,False,False,5,0,1.5,151.54285714285714,2,2.25
55,0,16659,2,30,5,4,3,3,4,4,3,3,3,1,13,0,0,2,2,3,1,2,0,True,False,False,True,False,False,False,8,1,5.0,297.48214285714283,4,3.25
24,0,4260,1,5,5,2,4,3,2,3,4,4,3,1,12,0,1,2,10,4,0,3,0,False,False,False,False,True,False,False,5,1,0.8333333333333334,170.4,1,3.75
30,1,2476,1,1,1,0,3,3,1,2,1,3,3,0,18,0,1,3,2,1,0,0,1,False,False,True,False,False,False,False,6,1,0.5,79.87096774193549,1,2.25
26,1,3102,0,7,6,4,3,3,1,1,3,3,4,0,22,1,0,2,3,1,0,4,0,True,False,True,False,False,False,False,2,2,1.0,114.88888888888889,1,2.5
22,0,2244,1,2,2,1,1,3,1,2,4,3,3,0,13,0,1,1,11,3,1,2,1,True,False,False,False,False,False,True,2,1,0.6666666666666666,97.56521739130434,1,2.5
36,1,7596,1,10,10,9,2,2,3,3,2,3,3,0,13,0,2,2,2,2,9,0,1,False,False,False,False,False,False,True,5,1,0.9090909090909091,205.2972972972973,2,2.5
30,1,2285,9,3,1,0,3,3,1,4,3,3,4,1,23,1,0,4,4,3,0,0,0,True,False,True,False,False,False,False,2,2,1.5,73.70967741935483,1,3.25
37,0,3034,1,18,18,7,4,3,1,1,3,2,3,0,12,0,1,2,14,3,12,17,0,True,False,False,True,False,False,False,1,1,0.9473684210526315,79.84210526315789,2,2.5
40,0,5715,7,8,5,4,4,3,2,2,3,3,3,0,12,0,2,5,2,2,1,3,0,False,False,False,False,True,False,False,5,1,1.3333333333333333,139.390243902439,2,3.0
42,0,2576,3,8,5,2,2,3,1,1,2,3,3,0,16,0,1,5,1,4,1,2,0,True,False,False,True,False,False,False,1,1,1.3333333333333333,59.906976744186046,3,2.0
37,1,4197,2,18,1,0,3,3,2,2,4,2,3,1,12,0,0,2,10,4,0,1,0,True,False,False,True,False,False,False,3,1,9.0,110.44736842105263,2,2.75
43,1,14336,1,25,25,10,1,2,4,2,3,3,3,0,11,0,1,3,12,3,3,9,0,True,False,False,True,False,False,False,7,1,0.9615384615384616,325.8181818181818,3,2.25
40,0,3448,6,20,1,0,2,2,2,3,2,3,4,0,22,0,1,3,2,3,0,0,1,True,False,False,False,False,False,True,1,1,10.0,84.09756097560975,2,2.5
54,1,19406,4,24,4,2,1,3,5,1,3,2,3,0,11,0,1,4,5,2,1,2,1,True,False,False,False,False,False,True,7,1,4.8,352.8363636363636,4,1.75
34,0,6538,9,6,3,2,3,3,2,3,1,3,3,0,15,0,1,3,4,4,1,2,1,False,False,False,False,True,False,False,5,0,1.5,186.8,2,2.5
31,0,4306,1,13,13,10,2,3,2,1,2,1,3,0,12,0,1,5,7,2,3,12,1,True,False,False,False,False,False,True,3,1,0.9285714285714286,134.5625,2,1.5
43,1,2258,7,8,3,2,4,3,1,4,1,3,4,0,20,0,1,1,21,3,1,2,1,True,False,False,False,False,False,True,1,2,2.0,51.31818181818182,3,3.0
43,0,4522,4,8,5,2,3,3,2,3,4,3,3,1,14,0,0,3,8,4,0,2,0,True,False,False,False,False,False,False,4,1,1.3333333333333333,102.77272727272727,3,3.25
25,0,4487,1,5,5,4,2,2,2,4,2,3,3,1,11,0,0,3,4,2,1,3,0,False,False,False,True,False,False,False,5,1,0.8333333333333334,172.57692307692307,1,2.75
37,0,4449,3,15,13,11,2,3,2,3,1,3,3,1,15,0,2,2,25,5,10,7,1,True,False,False,False,False,False,True,2,0,1.0714285714285714,117.07894736842105,2,2.25
31,1,2218,1,4,4,2,4,2,1,1,3,3,3,0,12,0,1,3,1,2,3,2,1,True,False,False,True,False,False,False,1,1,0.8,69.3125,2,2.75
39,1,19197,1,21,21,8,2,3,5,3,3,3,3,1,14,0,1,3,1,1,1,6,0,True,False,False,True,False,False,False,8,2,0.9545454545454546,479.925,2,2.75
56,0,13212,9,36,7,7,3,4,4,1,4,2,3,0,11,0,3,0,6,3,7,7,1,False,False,False,True,False,False,False,5,2,4.5,231.78947368421052,4,2.5
30,0,6577,0,6,5,4,2,3,2,3,2,3,3,0,11,0,0,6,12,3,4,4,0,False,False,True,False,False,False,False,5,1,1.0,212.16129032258064,1,2.5
41,1,8392,1,10,10,7,2,4,3,1,3,3,3,0,16,0,1,2,1,3,0,7,1,False,False,False,False,True,False,False,5,1,0.9090909090909091,199.8095238095238,3,2.25
28,1,4558,1,10,10,0,3,3,2,1,4,3,3,0,12,0,1,2,17,2,1,8,0,True,False,False,False,False,False,True,1,1,0.9090909090909091,157.17241379310346,1,2.75
25,1,4031,5,6,2,2,1,3,1,1,3,3,3,0,13,1,1,5,3,3,0,2,1,True,False,False,False,False,False,True,1,1,2.0,155.03846153846155,1,2.0
52,1,7969,2,28,5,4,4,2,3,3,3,3,3,1,14,0,0,4,3,3,0,4,1,True,False,False,False,False,False,True,3,1,4.666666666666667,150.35849056603774,4,3.25
45,1,2654,3,8,2,2,1,3,1,4,4,2,4,0,21,0,2,3,10,2,0,2,1,True,False,False,True,False,False,False,2,1,2.6666666666666665,57.69565217391305,3,2.75
52,0,16555,2,31,5,2,4,3,4,4,4,1,3,0,13,0,0,2,4,2,1,4,1,True,False,False,True,False,False,False,8,1,5.166666666666667,312.35849056603774,4,3.25
42,0,4556,2,19,5,4,1,3,2,3,2,3,3,0,11,0,1,3,29,2,0,2,0,True,False,False,True,False,False,False,2,2,3.1666666666666665,105.95348837209302,3,2.25
30,0,6091,2,11,5,4,3,1,2,4,3,3,4,0,20,0,0,2,2,3,0,2,0,True,False,False,True,False,False,False,3,1,1.8333333333333333,196.48387096774192,1,3.25
60,0,19566,5,33,29,8,1,3,5,1,4,1,3,0,11,0,0,5,7,3,11,10,1,True,False,False,True,False,False,False,8,1,1.1,320.75409836065575,4,1.75
46,0,4810,2,19,10,7,3,3,2,3,3,2,3,0,14,0,1,5,18,3,0,8,0,True,False,False,False,False,False,True,3,1,1.7272727272727273,102.34042553191489,3,2.75
42,0,4523,0,7,6,5,4,2,2,4,4,4,3,0,11,0,3,4,28,4,0,4,1,True,False,True,False,False,False,False,4,2,1.0,105.18604651162791,3,4.0
24,0,3202,1,6,5,3,1,3,1,2,2,3,3,1,16,1,0,4,1,1,1,4,0,False,False,True,False,False,False,False,6,1,1.0,128.08,1,2.0
34,0,2351,0,3,2,2,4,1,1,3,4,2,3,0,16,1,1,3,6,2,1,0,0,False,False,False,False,True,False,False,6,2,1.0,67.17142857142858,2,3.25
38,1,1702,1,1,1,0,4,3,1,4,3,3,4,1,23,0,1,3,2,2,0,0,1,True,False,False,True,False,False,False,1,2,0.5,43.64102564102564,2,3.5
40,0,18041,0,21,20,15,3,3,5,3,4,3,3,0,14,0,0,2,2,4,1,12,1,False,False,False,True,False,False,False,8,1,1.0,440.0243902439024,2,3.25
26,0,2886,1,3,3,2,1,3,1,4,2,1,4,0,22,0,2,3,23,3,0,2,0,True,False,False,True,False,False,False,2,1,0.75,106.88888888888889,1,2.0
30,1,2097,4,9,5,3,3,3,1,4,3,1,3,0,15,0,1,3,3,3,1,4,1,True,False,False,True,False,False,False,1,0,1.5,67.64516129032258,1,2.75
29,1,11935,1,10,10,2,2,2,3,3,3,3,3,0,18,0,0,2,3,4,0,7,1,True,False,False,False,False,False,True,7,1,0.9090909090909091,397.8333333333333,1,2.75
29,0,2546,5,6,2,2,3,2,1,2,2,4,3,0,16,1,0,2,25,5,1,1,1,True,False,True,False,False,False,False,2,1,2.0,84.86666666666666,1,2.75
19,1,2564,1,1,1,0,1,2,1,4,3,4,3,0,12,1,0,3,2,2,0,0,0,False,True,True,False,False,False,False,4,1,0.5,128.2,0,3.0
30,0,8412,0,10,9,8,3,3,3,1,3,3,3,0,11,0,0,3,22,4,7,8,1,False,False,False,False,False,False,False,5,0,1.0,271.35483870967744,1,2.5
57,1,14118,3,32,1,0,1,2,4,4,3,2,3,0,12,0,1,3,29,3,0,0,0,False,False,False,False,True,False,False,8,1,16.0,243.41379310344828,4,2.5
50,1,17046,0,28,27,10,2,2,4,3,2,3,3,0,15,0,1,2,29,4,15,7,1,True,False,False,True,False,False,False,8,1,1.0,334.2352941176471,3,2.5
30,0,2564,0,12,11,7,3,3,1,4,3,2,3,0,14,0,0,2,2,3,6,7,0,True,False,False,False,False,False,True,1,0,1.0,82.70967741935483,1,3.0
60,0,10266,4,22,18,13,3,2,3,1,4,4,3,0,19,0,0,5,28,3,13,11,1,False,False,False,False,True,False,False,5,2,1.1578947368421053,168.29508196721312,4,3.0
47,0,5070,5,20,5,0,1,3,2,4,3,3,3,0,13,0,3,2,2,2,0,4,0,True,False,False,False,False,False,True,3,1,3.3333333333333335,105.625,3,2.75
46,1,17861,6,26,3,2,1,3,4,3,3,1,3,0,13,0,0,2,2,3,0,1,1,True,False,False,True,False,False,False,7,1,6.5,380.02127659574467,3,2.0
35,1,4230,0,6,5,4,4,1,1,3,3,3,3,0,15,0,0,2,22,3,4,3,0,True,False,False,True,False,False,False,1,1,1.0,117.5,2,3.25
54,0,3780,7,19,1,0,3,3,2,3,3,3,3,0,11,0,0,3,8,4,0,0,0,True,False,False,True,False,False,False,1,1,9.5,68.72727272727273,4,3.0
34,1,2768,3,14,7,3,4,2,1,3,3,3,3,0,12,0,1,3,2,4,5,7,0,True,False,False,True,False,False,False,2,1,1.75,79.08571428571429,2,3.25
46,0,9071,2,15,3,2,3,2,3,4,3,3,3,1,19,0,1,3,10,3,1,2,1,False,False,False,False,True,False,False,5,1,3.75,193.0,3,3.25
31,1,10648,1,13,13,8,3,3,3,2,4,4,4,0,25,0,1,6,9,1,0,8,0,True,False,False,True,False,False,False,3,1,0.9285714285714286,332.75,2,3.25
33,1,13610,7,15,7,6,2,3,3,3,4,4,3,1,12,1,0,2,15,1,7,7,1,True,False,False,False,False,False,True,8,1,1.875,400.29411764705884,2,3.25
33,1,3408,7,8,4,3,1,1,1,4,1,3,3,0,13,1,3,2,10,1,1,3,0,True,False,False,False,False,False,True,1,1,1.6,100.23529411764706,2,2.25
30,1,2983,0,4,3,2,4,3,1,2,1,3,3,0,14,0,0,3,7,1,1,2,0,False,False,False,False,True,False,False,6,1,1.0,96.2258064516129,1,2.5
35,1,7632,4,10,8,7,4,3,3,3,3,3,3,1,12,0,0,2,16,3,0,0,1,True,False,False,True,False,False,False,4,1,1.1111111111111112,212.0,2,3.25
31,1,9824,3,12,1,0,1,3,3,3,1,3,3,0,12,1,0,2,20,3,0,0,1,True,False,False,True,False,False,False,4,2,6.0,307.0,2,2.0
34,0,9950,9,11,3,2,2,3,3,1,3,3,3,1,15,1,3,2,23,3,0,2,0,False,True,False,False,False,True,False,4,2,2.75,284.2857142857143,2,2.25
42,1,2093,4,8,2,2,2,3,1,3,4,3,3,0,17,0,1,4,5,2,2,0,1,True,False,False,False,False,False,False,1,2,2.6666666666666665,48.674418604651166,3,3.0
36,1,9980,1,10,10,3,2,3,3,4,4,2,3,0,14,0,0,3,10,4,9,7,0,False,False,False,False,False,False,True,5,0,0.9090909090909091,269.72972972972974,2,3.0
22,1,3894,5,4,2,2,3,2,1,3,3,3,3,0,16,1,0,3,4,1,1,2,0,True,False,True,False,False,False,False,1,2,1.3333333333333333,169.30434782608697,1,3.0
48,0,4051,2,14,9,7,2,3,2,4,1,3,3,0,14,0,1,2,2,5,6,7,1,False,False,False,False,True,False,False,5,1,1.4,82.6734693877551,3,2.5
55,0,16835,3,37,10,9,1,3,4,2,4,3,4,0,23,0,0,2,18,5,7,7,0,False,False,False,True,False,False,False,8,1,3.3636363636363638,300.625,4,2.5
41,1,6230,7,16,14,3,4,3,2,4,4,3,3,0,14,0,0,3,10,2,1,10,0,False,False,False,True,False,False,False,5,0,1.0666666666666667,148.33333333333334,3,3.75
35,1,4717,9,15,11,9,2,3,2,3,3,3,3,0,11,0,0,2,1,3,6,9,1,False,False,False,False,True,False,False,5,1,1.25,131.02777777777777,2,2.75
40,0,13237,7,22,20,6,2,3,4,3,3,3,3,0,15,0,0,3,6,3,5,13,0,True,False,False,True,False,False,False,3,1,1.0476190476190477,322.8536585365854,2,2.75
39,0,3755,1,8,8,3,3,3,1,3,1,3,3,0,11,0,1,3,8,1,0,7,1,True,False,False,True,False,False,False,1,2,0.8888888888888888,93.875,2,2.5
31,1,6582,4,10,6,5,2,3,2,4,3,4,3,1,13,0,0,2,2,1,0,5,0,False,False,False,True,False,False,False,5,1,1.4285714285714286,205.6875,2,3.25
42,1,7406,1,10,10,9,4,3,3,1,4,2,4,1,21,0,1,5,24,3,5,8,1,True,False,False,False,False,False,True,3,1,0.9090909090909091,172.2325581395349,3,2.75
45,1,4805,0,9,8,7,4,3,2,2,2,4,3,0,19,0,1,3,2,3,3,7,1,False,False,False,False,False,False,False,5,1,1.0,104.45652173913044,3,3.0
26,0,2741,0,8,7,7,2,3,1,3,2,2,3,1,11,1,1,2,17,4,1,0,0,False,True,False,True,False,False,False,4,2,1.0,101.51851851851852,1,2.25
29,1,4262,4,8,3,2,4,3,2,4,2,4,3,0,12,0,2,2,19,3,1,2,0,True,False,True,False,False,False,False,3,1,2.0,142.06666666666666,1,3.5
33,0,16184,4,10,6,1,1,4,4,3,3,3,3,0,19,0,1,2,1,5,0,5,0,True,False,False,False,False,False,True,7,1,1.4285714285714286,476.0,2,2.5
31,1,11557,9,10,5,4,3,2,3,4,3,2,4,0,21,0,1,3,7,3,0,1,0,False,False,False,True,False,False,False,8,1,1.6666666666666667,361.15625,2,3.0
18,1,1878,1,0,0,0,2,3,1,2,4,3,3,1,14,1,0,3,5,3,0,0,0,False,False,False,False,True,False,False,6,2,0.0,98.84210526315789,0,2.75
40,1,10932,3,20,1,0,3,1,3,1,3,3,3,0,15,0,1,2,28,3,0,1,0,False,False,False,False,False,False,False,5,0,10.0,266.6341463414634,2,2.5
41,0,6811,2,10,8,7,1,2,2,3,1,3,3,1,17,0,0,3,2,4,0,7,0,True,False,False,False,False,False,False,4,0,1.1111111111111112,162.16666666666666,3,2.0
26,1,4306,5,8,0,0,1,3,2,3,1,3,3,0,12,0,2,5,29,2,0,0,0,False,False,False,False,False,False,True,5,1,8.0,159.4814814814815,1,2.0
35,0,4859,1,5,5,4,1,3,2,3,4,3,3,0,16,0,0,3,1,3,0,3,0,False,False,False,False,False,False,True,5,1,0.8333333333333334,134.97222222222223,2,2.75
34,1,5337,1,10,10,7,4,4,2,4,4,3,3,0,12,0,0,3,21,4,5,7,0,False,False,False,True,False,False,False,5,1,0.9090909090909091,152.4857142857143,2,3.75
26,1,2340,1,1,1,0,3,1,1,4,2,1,3,1,18,1,0,3,24,3,0,0,0,True,False,True,False,False,False,False,1,1,0.5,86.66666666666667,1,2.5
37,0,7491,4,12,6,5,2,3,3,4,4,4,3,0,17,0,0,3,1,3,1,2,0,True,False,True,False,False,False,False,3,1,1.7142857142857142,197.1315789473684,2,3.5
46,0,10527,5,28,2,2,1,3,3,3,4,2,3,0,11,0,0,3,18,1,1,2,1,True,False,False,False,False,False,True,4,2,9.333333333333334,223.9787234042553,3,2.5
41,0,16595,7,22,18,16,2,3,4,1,2,3,3,0,16,0,1,2,2,5,11,8,1,False,False,False,True,False,False,False,8,1,1.1578947368421053,395.1190476190476,3,2.0
37,1,8834,1,9,9,5,1,3,3,2,4,3,3,0,13,0,1,6,9,4,7,7,0,False,False,False,False,False,False,True,5,0,0.9,232.47368421052633,2,2.5
52,1,5577,3,18,10,9,4,3,2,1,2,3,3,1,12,0,2,3,6,2,6,9,0,True,False,True,False,False,False,False,2,1,1.6363636363636365,105.22641509433963,4,2.5
32,1,4707,8,6,4,2,4,4,2,3,4,3,3,0,12,1,0,2,11,4,1,2,1,False,False,False,False,False,False,False,5,0,1.2,142.63636363636363,2,3.5
24,1,2400,0,3,2,2,4,3,1,4,3,3,3,0,13,0,2,3,24,3,2,1,1,False,False,False,False,False,False,True,6,2,1.0,96.0,1,3.5
38,0,9824,3,18,1,0,3,3,2,3,3,3,3,0,19,0,1,4,10,3,0,0,1,True,False,False,False,False,False,True,4,1,9.0,251.89743589743588,2,3.0
37,0,6447,6,8,6,5,2,3,2,2,2,2,3,0,12,0,1,2,1,4,4,3,1,True,False,False,True,False,False,False,3,1,1.1428571428571428,169.6578947368421,2,2.0
49,1,19502,1,31,31,9,4,2,5,3,3,3,3,1,17,0,1,5,18,4,0,9,0,True,False,False,True,False,False,False,7,1,0.96875,390.04,3,3.25
24,1,2725,1,6,6,5,2,4,1,4,2,3,3,1,11,0,2,3,23,3,1,4,1,True,False,False,False,False,False,True,2,1,0.8571428571428571,109.0,1,2.75
26,1,6272,1,6,5,3,1,3,2,2,4,4,4,0,20,0,2,5,28,2,1,4,1,False,False,False,False,True,False,False,5,1,1.0,232.2962962962963,1,2.75
24,1,2127,1,1,1,0,4,2,1,2,4,3,4,0,21,0,1,2,17,2,0,0,1,True,False,False,False,False,False,False,1,1,0.5,85.08,1,3.25
50,1,18200,1,32,32,5,1,3,5,2,3,3,3,0,11,0,1,2,3,3,10,7,1,False,True,False,False,False,False,True,8,2,0.9696969696969697,356.8627450980392,3,2.25
25,1,2096,1,7,7,4,2,3,1,3,3,3,3,0,11,0,0,1,13,1,0,6,1,False,False,False,False,False,False,True,6,1,0.875,80.61538461538461,1,2.75
24,0,2886,1,6,6,3,1,3,1,3,4,3,3,1,16,1,1,4,7,3,1,2,1,True,False,False,True,False,False,False,1,2,0.8571428571428571,115.44,1,2.75
30,1,2033,1,1,1,0,2,2,1,1,3,4,3,0,18,1,1,2,12,4,0,0,1,False,False,False,True,False,False,False,6,2,0.5,65.58064516129032,1,2.5
34,1,3622,1,6,6,5,2,2,1,4,4,3,3,1,13,0,1,3,1,2,1,3,1,True,False,False,True,False,False,False,2,1,0.8571428571428571,103.48571428571428,2,3.25
31,1,4233,2,9,3,1,2,3,2,1,3,1,3,0,17,1,0,2,13,4,1,2,0,False,False,False,False,False,False,True,5,1,2.25,132.28125,2,1.75
35,1,3681,4,9,3,2,1,2,2,4,4,3,3,0,14,0,0,3,25,2,0,2,0,True,False,False,False,False,False,False,1,1,2.25,102.25,2,3.0
31,1,5460,4,13,7,7,1,4,2,4,4,4,4,0,22,0,2,4,6,4,5,7,0,False,False,False,False,False,False,True,5,1,1.625,170.625,2,3.25
27,0,2187,0,6,5,3,1,2,1,3,3,2,3,0,12,0,2,5,6,4,0,3,0,True,False,False,False,False,False,True,2,1,1.0,78.10714285714286,1,2.25
37,1,9602,4,17,3,0,4,3,2,3,3,2,3,1,11,0,1,3,2,3,1,0,1,False,False,False,False,True,False,False,5,1,4.25,252.68421052631578,2,3.0
20,0,2836,1,1,1,0,4,2,1,2,4,4,3,0,13,0,0,0,1,3,0,0,0,True,False,False,True,False,False,False,2,1,0.5,135.04761904761904,0,3.5
42,0,4089,1,10,10,2,3,3,2,4,2,3,3,0,13,0,2,4,2,4,2,2,1,True,False,False,True,False,False,False,4,1,0.9090909090909091,95.09302325581395,3,3.0
43,1,16627,4,21,1,0,2,2,4,4,3,2,3,1,14,0,1,3,6,4,0,0,0,True,False,False,False,False,False,False,7,1,10.5,377.8863636363636,3,2.75
38,0,2619,3,8,0,0,3,3,1,1,4,2,3,0,17,0,0,3,1,1,0,0,0,True,False,False,True,False,False,False,2,1,8.0,67.15384615384616,2,2.5
43,1,5679,3,10,8,7,4,3,2,3,2,3,3,1,13,0,1,3,9,5,4,7,0,True,False,False,False,False,False,True,1,2,1.1111111111111112,129.0681818181818,3,3.0
48,0,15402,7,21,3,2,4,2,4,1,1,1,3,0,11,0,1,3,1,4,0,2,1,True,False,False,True,False,False,False,8,1,5.25,314.3265306122449,3,1.75
44,0,5985,4,10,2,2,1,2,2,3,2,4,3,0,11,0,0,1,1,4,0,2,0,False,True,False,True,False,False,False,4,1,3.3333333333333335,133.0,3,2.5
34,0,2579,1,8,8,2,3,3,1,3,4,3,3,1,18,0,2,3,14,3,0,6,0,False,False,True,False,False,False,False,6,1,0.8888888888888888,73.68571428571428,2,3.25
27,1,3041,0,5,4,3,3,3,1,1,2,3,3,0,11,1,1,3,2,1,0,2,0,False,False,False,False,True,False,False,6,1,1.0,108.60714285714286,1,2.25
21,1,3447,1,3,3,2,3,3,1,3,3,3,3,0,11,0,0,2,22,1,1,2,0,False,False,True,False,False,False,False,6,1,0.75,156.6818181818182,1,3.0
44,1,19513,4,26,2,2,4,3,5,4,1,4,3,1,12,0,1,2,3,4,0,1,1,True,False,False,False,False,False,False,8,1,8.666666666666666,433.6222222222222,3,3.25
22,1,2773,0,3,2,2,1,3,1,3,4,3,4,0,20,0,0,3,6,1,2,2,1,True,False,False,False,False,False,True,2,1,1.0,120.56521739130434,1,2.75
33,1,7104,0,6,5,0,3,3,2,3,4,3,3,0,12,0,0,3,8,4,1,2,0,False,False,False,False,True,False,False,5,1,1.0,208.94117647058823,2,3.25
32,0,6322,1,6,6,4,1,3,2,4,4,2,3,1,12,0,1,2,9,4,0,5,1,True,False,False,True,False,False,False,2,1,0.8571428571428571,191.57575757575756,2,2.75
30,0,2083,1,1,1,0,3,3,1,3,3,3,4,0,20,0,1,2,3,3,0,0,0,True,False,False,False,False,False,True,2,2,0.5,67.19354838709677,1,3.0
53,0,8381,7,18,14,7,4,3,2,1,4,4,4,0,20,0,0,2,1,1,8,10,0,False,False,False,False,False,False,True,5,1,1.2,155.2037037037037,4,3.25
34,1,2691,1,10,10,9,2,3,1,4,4,2,3,0,12,0,1,4,1,5,8,8,1,True,False,False,True,False,False,False,2,1,0.9090909090909091,76.88571428571429,2,3.0
45,0,4286,2,5,1,1,1,3,2,1,4,3,3,0,14,1,2,4,26,4,0,0,1,False,False,False,True,False,False,False,5,2,2.5,93.17391304347827,3,2.25
26,0,2659,1,3,3,2,3,3,1,4,3,3,3,1,13,0,1,2,6,3,0,2,1,True,False,False,True,False,False,False,1,1,0.75,98.48148148148148,1,3.25
37,1,9434,1,10,10,7,3,3,3,3,3,3,3,0,15,0,1,2,3,3,7,8,1,True,False,False,False,False,False,False,3,1,0.9090909090909091,248.26315789473685,2,3.0
29,0,5561,1,6,6,0,2,3,2,3,1,2,3,0,14,0,1,5,3,2,1,2,1,False,False,False,False,False,False,True,5,1,0.8571428571428571,185.36666666666667,1,2.0
35,1,6646,1,17,17,11,2,1,2,4,2,3,3,0,13,0,0,3,6,4,11,8,0,True,False,False,True,False,False,False,2,1,0.9444444444444444,184.61111111111111,2,2.75
33,1,7725,3,15,13,11,3,3,2,4,3,1,4,0,23,0,1,2,6,3,4,7,0,True,False,False,True,False,False,False,4,2,1.0714285714285714,227.2058823529412,2,2.75
54,1,10725,2,16,9,7,3,3,3,2,3,4,3,0,15,0,1,1,19,4,7,1,1,False,True,False,False,False,False,True,4,1,1.6,195.0,4,3.0
36,1,8847,2,13,3,2,2,2,2,2,3,3,3,1,11,0,1,2,9,2,0,2,0,True,False,False,False,False,False,True,3,1,3.25,239.1081081081081,2,2.5
27,1,2045,0,5,4,2,1,2,1,4,4,3,3,0,13,0,0,0,3,4,1,1,0,True,False,False,False,False,False,True,2,1,1.0,73.03571428571429,1,3.0
20,1,1009,1,1,1,0,4,3,1,3,4,3,3,1,11,1,0,5,10,1,1,1,0,True,False,False,False,False,False,True,2,1,0.5,48.04761904761905,0,3.5
33,1,3348,1,10,10,8,1,3,1,1,1,3,3,1,11,1,0,3,3,3,9,7,0,True,False,False,True,False,False,False,2,2,0.9090909090909091,98.47058823529412,2,1.5
35,1,1281,1,1,1,0,3,2,1,3,3,3,3,0,18,0,2,3,3,3,0,0,1,True,False,False,True,False,False,False,1,0,0.5,35.583333333333336,2,3.0
23,1,2819,2,5,3,2,1,4,1,1,1,4,3,0,16,0,1,3,4,3,0,2,1,True,False,False,False,False,False,True,2,1,1.25,117.45833333333333,1,1.75
25,1,4851,0,4,3,2,4,4,2,2,3,3,4,0,22,0,1,4,8,3,1,2,1,False,False,False,True,False,False,False,5,1,1.0,186.57692307692307,1,3.0
38,0,4028,0,8,7,7,4,2,2,4,1,3,4,0,20,0,0,2,7,4,0,5,0,False,False,False,False,True,False,False,5,1,1.0,103.28205128205128,2,3.0
29,1,2720,1,10,10,7,2,1,1,4,4,3,3,0,18,0,1,5,1,4,2,8,0,True,False,False,True,False,False,False,2,2,0.9090909090909091,90.66666666666667,1,3.25
48,1,8120,3,12,2,2,2,4,2,2,4,3,3,0,12,0,0,3,2,1,2,2,1,False,False,False,False,True,False,False,5,1,4.0,165.71428571428572,3,2.75
27,0,4647,1,6,6,5,4,4,2,4,2,3,4,1,20,0,2,3,3,1,0,4,0,False,False,False,False,False,False,True,5,2,0.8571428571428571,165.96428571428572,1,3.25
37,1,4680,3,4,1,0,4,4,1,4,1,3,3,0,17,0,0,2,10,2,0,0,0,True,False,False,True,False,False,False,2,1,2.0,123.15789473684211,2,3.0
50,1,3221,1,20,20,8,4,4,1,3,3,3,3,1,11,0,3,3,28,1,3,8,1,True,False,False,False,False,False,True,1,1,0.9523809523809523,63.15686274509804,3,3.25
34,0,8621,1,9,8,7,4,2,3,2,2,4,3,0,14,0,0,3,9,3,7,7,0,True,False,False,False,False,False,True,4,1,1.0,246.31428571428572,2,3.0
24,0,4577,9,4,2,2,1,3,2,3,1,3,3,0,14,1,0,3,3,2,2,0,0,False,False,False,True,False,False,False,5,1,1.3333333333333333,183.08,1,2.0
39,0,4553,1,20,20,7,4,2,2,3,1,3,3,0,11,0,0,4,2,4,11,10,0,True,False,True,False,False,False,False,4,1,0.9523809523809523,113.825,2,2.75
32,1,5396,1,10,10,7,4,3,2,4,4,2,3,0,12,0,0,2,10,3,0,8,0,False,False,False,False,True,False,False,5,1,0.9090909090909091,163.5151515151515,2,3.5
50,1,6796,3,18,4,3,2,3,2,3,1,3,3,1,14,1,1,4,8,2,1,3,1,False,False,True,False,False,False,False,5,2,3.6,133.2549019607843,3,2.25
38,0,7625,0,10,9,7,2,4,2,4,3,2,3,0,13,0,0,4,1,4,1,8,0,True,False,False,True,False,False,False,4,1,1.0,195.51282051282053,2,2.75
27,0,7412,1,9,9,7,3,3,3,1,4,3,3,0,11,0,0,3,1,2,0,7,1,True,False,False,True,False,False,False,3,1,0.9,264.7142857142857,1,2.75
32,0,11159,3,10,7,7,3,3,3,4,4,3,3,0,15,0,0,6,3,2,7,7,0,True,False,False,True,False,False,False,7,1,1.25,338.1515151515151,2,3.5
47,1,4960,2,20,7,7,4,3,2,1,4,3,3,0,12,0,0,2,14,4,1,7,0,False,False,False,False,True,False,False,5,1,2.5,103.33333333333333,3,3.0
40,1,10475,5,20,18,13,4,2,3,1,3,3,4,1,21,0,1,2,5,4,1,12,1,False,False,False,True,False,False,False,5,2,1.0526315789473684,255.4878048780488,2,2.75
53,1,14814,3,32,5,1,3,4,4,3,3,3,3,0,19,0,0,3,7,3,1,3,1,True,False,False,True,False,False,False,7,1,5.333333333333333,274.3333333333333,4,3.0
41,1,19141,3,23,21,6,2,2,5,4,2,2,3,0,15,0,3,2,10,4,12,6,0,False,True,False,False,False,True,False,8,1,1.0454545454545454,455.73809523809524,3,2.5
60,1,5405,8,10,2,2,1,3,2,1,4,3,3,0,14,0,0,1,16,4,2,2,0,False,False,False,False,True,False,False,5,1,3.3333333333333335,88.60655737704919,4,2.25
27,1,8793,1,9,9,7,4,3,3,1,3,2,4,0,21,0,2,4,10,2,1,7,0,True,False,False,True,False,False,False,3,2,0.9,314.0357142857143,1,2.5
41,1,19189,1,22,22,7,4,2,5,3,2,3,3,0,12,0,1,3,1,3,2,10,1,False,True,False,False,False,True,False,8,1,0.9565217391304348,456.8809523809524,3,3.0
50,1,3875,7,4,2,2,4,3,1,2,4,3,3,0,15,0,1,2,8,4,2,2,1,False,False,False,False,True,False,False,6,1,1.3333333333333333,75.98039215686275,3,3.25
28,0,2216,7,10,7,7,1,1,1,2,4,3,3,1,13,1,0,4,1,2,3,7,0,True,False,False,True,False,False,False,2,1,1.25,76.41379310344827,1,2.5
36,0,11713,9,10,8,7,1,4,3,1,1,3,3,0,14,0,1,2,8,3,0,5,1,True,False,False,True,False,False,False,7,0,1.1111111111111112,316.56756756756755,2,1.5
38,0,7861,4,10,1,0,3,3,3,3,4,4,3,1,14,0,0,4,1,3,0,0,0,True,False,False,True,False,False,False,3,1,5.0,201.56410256410257,2,3.5
44,1,3708,2,9,5,2,1,1,1,3,3,3,3,0,14,0,0,5,24,3,1,4,0,True,False,False,False,False,False,True,1,0,1.5,82.4,3,2.5
47,0,13770,9,28,22,2,4,3,4,3,4,2,3,1,12,0,2,2,3,3,11,13,0,False,False,False,False,False,False,True,5,2,1.2173913043478262,286.875,3,3.25
30,1,5304,7,10,8,7,3,3,2,4,4,2,4,0,23,0,1,2,27,5,7,7,0,False,False,False,False,True,False,False,5,1,1.1111111111111112,171.09677419354838,1,3.25
29,1,2642,1,1,1,0,3,3,1,3,3,3,3,0,11,0,0,6,10,3,0,0,0,False,False,False,True,False,False,False,6,1,0.5,88.06666666666666,1,3.0
42,1,2759,6,7,2,2,3,4,1,3,4,3,3,1,12,1,0,2,19,3,2,2,0,True,False,False,False,False,False,True,2,2,2.3333333333333335,64.16279069767442,3,3.25
43,1,6804,3,7,2,2,4,2,2,4,3,3,3,0,18,0,1,5,15,3,2,2,1,False,False,False,True,False,False,False,5,2,2.3333333333333335,154.63636363636363,3,3.5
34,0,6142,3,10,5,1,2,3,2,3,4,3,3,0,11,0,0,2,8,2,4,3,0,True,False,False,False,False,False,True,4,1,1.6666666666666667,175.4857142857143,2,3.0
23,1,2500,1,5,4,3,2,3,1,1,4,4,3,0,14,0,1,2,9,1,0,2,1,True,False,False,False,False,False,True,1,1,1.0,104.16666666666667,1,2.75
39,0,6389,9,12,8,3,3,4,2,2,3,1,3,0,15,0,1,3,3,3,3,6,1,False,True,False,False,False,True,False,4,1,1.3333333333333333,159.725,2,2.25
56,1,11103,7,30,10,7,3,3,4,4,3,2,3,0,11,0,0,1,9,3,1,1,1,True,False,False,False,False,False,True,4,1,2.727272727272727,194.78947368421052,4,3.0
40,0,2342,0,5,4,2,4,2,1,4,4,2,4,1,20,0,0,2,2,1,2,3,0,True,False,False,False,False,False,True,2,1,1.0,57.1219512195122,2,3.5
27,0,6811,8,9,7,6,4,2,2,1,1,1,3,0,19,0,0,2,7,3,0,7,0,True,False,False,False,False,False,True,4,1,1.125,243.25,1,1.75
29,1,2297,1,2,2,2,4,3,1,2,4,3,3,0,14,0,2,2,10,3,2,2,0,False,False,False,False,True,False,False,6,1,0.6666666666666666,76.56666666666666,1,3.25
53,1,2450,2,19,2,2,4,3,2,4,4,3,3,0,17,0,0,4,6,3,2,2,0,True,False,False,True,False,False,False,1,1,6.333333333333333,45.370370370370374,4,3.75
35,0,5093,2,16,1,0,4,3,2,1,1,4,3,0,11,0,1,2,2,4,0,0,0,True,False,False,True,False,False,False,4,0,8.0,141.47222222222223,2,2.5
32,1,5309,1,10,10,8,1,3,2,4,4,3,3,0,15,0,2,2,24,4,4,7,1,True,False,False,True,False,False,False,1,2,0.9090909090909091,160.87878787878788,2,3.0
38,1,3057,6,6,1,0,4,3,1,3,2,1,3,1,13,0,1,0,2,5,0,1,1,True,False,False,False,False,False,True,2,1,3.0,78.38461538461539,2,2.5
34,0,5121,3,7,0,0,2,3,2,1,3,3,3,0,14,0,1,3,8,5,0,0,0,True,False,False,True,False,False,False,3,1,7.0,146.31428571428572,2,2.25
52,1,16856,1,34,34,6,3,2,4,1,1,4,3,0,11,0,0,3,3,4,1,16,1,False,False,False,False,True,False,False,8,1,0.9714285714285714,318.0377358490566,4,2.25
33,1,2686,1,10,10,9,4,3,1,4,3,2,3,1,13,1,0,2,1,4,7,8,0,True,False,False,False,False,False,False,2,1,0.9090909090909091,79.0,2,3.25
25,0,6180,1,6,6,5,3,3,2,4,2,2,4,0,23,0,0,5,26,1,1,4,0,False,False,False,False,False,False,True,5,1,0.8571428571428571,237.69230769230768,1,2.75
45,1,6632,0,9,8,7,2,1,2,3,1,3,3,0,13,0,0,3,2,2,3,1,0,False,False,True,False,False,False,False,6,1,1.0,144.17391304347825,3,2.25
23,1,3505,1,2,2,2,1,4,1,3,4,3,3,0,18,0,0,3,10,1,0,2,0,True,False,False,False,False,False,True,2,1,0.6666666666666666,146.04166666666666,1,2.75
47,0,6397,4,8,5,4,2,4,2,3,4,3,3,1,12,1,0,2,27,2,1,3,0,False,False,False,True,False,False,False,5,2,1.3333333333333333,133.27083333333334,3,3.0
34,1,6274,1,6,6,5,4,3,2,4,3,3,4,0,22,0,0,5,2,3,1,4,0,False,False,False,False,False,False,False,5,1,0.8571428571428571,179.25714285714287,2,3.5
55,1,19859,5,24,5,2,4,3,5,1,4,3,3,1,13,1,1,2,2,3,1,4,1,True,False,False,False,False,False,True,8,1,4.0,354.625,4,3.0
36,1,7587,1,10,10,7,1,2,3,1,2,3,3,0,15,0,0,1,8,4,0,9,0,False,False,False,True,False,False,False,5,0,0.9090909090909091,205.05405405405406,2,1.75
52,1,4258,0,5,4,3,4,3,1,4,1,3,3,0,18,0,1,3,19,4,1,2,1,True,False,False,False,False,False,True,2,0,1.0,80.33962264150944,4,3.0
26,0,4364,3,5,2,2,1,1,1,4,1,3,3,0,14,0,1,2,1,2,2,0,0,True,False,False,True,False,False,False,1,2,1.6666666666666667,161.62962962962962,1,2.25
29,0,4335,4,11,8,7,2,3,2,3,1,2,3,0,12,0,1,3,27,3,1,1,1,True,False,False,False,False,False,True,4,1,1.2222222222222223,144.5,1,2.0
26,1,5326,6,6,4,3,4,2,2,1,3,2,3,0,17,1,0,2,8,3,1,2,0,False,False,True,False,False,False,False,5,1,1.2,197.25925925925927,1,2.5
34,0,3280,2,10,4,2,2,4,1,4,3,3,3,0,16,0,0,2,1,4,1,3,0,True,False,False,True,False,False,False,2,1,2.0,93.71428571428571,2,3.0
54,0,5485,9,9,5,3,4,3,2,1,2,3,3,1,11,0,2,4,19,4,1,4,0,True,False,False,False,False,False,True,3,1,1.5,99.72727272727273,4,2.5
27,1,4342,0,5,4,2,3,3,2,4,2,3,3,0,19,0,1,3,8,1,1,1,1,False,False,False,False,True,False,False,5,2,1.0,155.07142857142858,1,3.0
37,0,2782,0,6,5,3,4,3,1,1,2,2,3,1,13,0,2,3,10,1,4,3,0,True,False,False,True,False,False,False,2,1,1.0,73.21052631578948,2,2.25
38,0,5980,6,17,15,7,1,4,2,1,4,3,3,1,12,0,0,2,2,4,4,12,0,True,False,False,True,False,False,False,3,2,1.0625,153.33333333333334,2,2.25
34,0,4381,1,6,6,5,3,2,1,1,3,3,3,0,11,0,0,3,2,4,1,3,0,True,False,False,False,False,False,True,2,1,0.8571428571428571,125.17142857142858,2,2.5
35,0,2572,1,3,3,2,1,3,1,4,2,2,3,0,16,0,1,1,8,4,0,2,1,False,False,False,True,False,False,False,6,1,0.75,71.44444444444444,2,2.25
30,1,3833,3,7,2,2,4,1,1,3,3,3,4,0,21,0,2,2,1,3,0,2,1,True,False,False,True,False,False,False,1,1,2.3333333333333335,123.64516129032258,1,3.25
40,0,4244,1,8,8,7,3,4,2,2,4,3,4,0,24,0,1,2,2,2,3,7,1,True,False,False,False,False,False,True,4,2,0.8888888888888888,103.51219512195122,2,3.0
34,0,6500,5,6,3,2,3,3,2,1,2,3,3,0,17,0,1,1,8,2,1,2,1,False,False,False,True,False,False,False,5,1,1.5,185.71428571428572,2,2.25
42,1,18430,1,24,24,7,2,3,5,4,2,2,3,0,13,0,1,4,8,3,14,9,0,True,False,False,True,False,False,False,8,2,0.96,428.6046511627907,3,2.5
23,1,1601,1,1,0,0,3,4,1,1,3,3,4,1,21,1,2,2,6,3,0,0,1,True,False,False,True,False,False,False,1,1,1.0,66.70833333333333,1,2.5
24,1,2694,1,1,1,0,3,2,1,2,3,3,3,0,11,0,3,4,9,3,0,0,0,True,False,False,True,False,False,False,1,0,0.5,107.76,1,2.75
52,0,3149,8,9,5,2,4,3,2,3,2,3,4,0,20,0,1,3,11,4,1,4,1,True,False,False,True,False,False,False,1,1,1.5,59.41509433962264,4,3.0
50,1,17639,5,30,4,3,3,3,4,3,4,3,3,0,16,0,0,3,2,3,0,3,1,True,False,False,False,False,False,True,7,1,6.0,345.8627450980392,3,3.25
29,0,2319,1,1,1,0,2,2,1,1,4,3,3,1,11,1,1,1,1,2,0,0,1,True,False,False,True,False,False,False,1,1,0.5,77.3,1,2.5
33,1,11691,0,14,13,9,3,3,3,3,4,4,3,0,11,0,0,3,7,3,3,7,1,True,False,False,False,False,False,True,7,1,1.0,343.8529411764706,2,3.5
33,0,5324,5,6,3,2,1,3,2,1,3,3,3,0,15,1,0,3,16,3,0,2,0,False,False,False,False,True,False,False,5,1,1.5,156.58823529411765,2,2.0
47,0,16752,1,26,26,14,3,3,4,4,3,2,3,1,11,0,1,3,2,2,3,0,1,True,False,False,False,False,False,False,8,1,0.9629629629629629,349.0,3,3.0
36,0,5228,0,10,9,7,3,3,2,2,1,3,3,0,15,0,1,2,1,3,0,5,1,True,False,False,False,False,False,False,3,1,1.0,141.2972972972973,2,2.25
29,1,2700,1,10,10,7,3,4,1,3,3,3,4,0,24,0,1,3,23,2,0,7,1,True,False,False,True,False,False,False,2,1,0.9090909090909091,90.0,1,3.0
58,1,19246,7,40,31,15,4,3,5,2,4,3,3,1,12,1,0,2,2,4,13,8,0,True,False,False,True,False,False,False,7,1,1.25,326.20338983050846,4,3.25
35,0,2506,3,7,2,2,4,4,1,3,3,3,3,0,13,0,0,0,1,4,2,2,0,True,False,False,True,False,False,False,2,1,2.3333333333333335,69.61111111111111,2,3.25
42,0,6062,9,8,4,3,4,2,2,4,4,3,3,1,13,0,1,4,1,2,0,2,1,True,False,False,True,False,False,False,3,1,1.6,140.97674418604652,3,3.75
28,1,4382,6,5,2,2,3,3,1,3,4,2,3,0,17,1,0,3,2,4,2,1,0,True,False,False,False,False,False,True,2,1,1.6666666666666667,151.10344827586206,1,3.0
36,1,2143,4,8,5,2,3,3,1,2,2,3,3,0,13,0,1,2,13,3,0,4,1,False,True,False,False,False,True,False,4,1,1.3333333333333333,57.91891891891892,2,2.5
32,0,6162,1,14,14,13,3,2,2,3,3,3,3,0,12,0,1,3,4,3,6,8,1,True,False,False,True,False,False,False,3,1,0.9333333333333333,186.72727272727272,2,3.0
40,1,5094,6,10,1,0,1,2,2,3,4,3,3,0,14,0,0,6,16,4,0,0,0,True,False,False,False,False,False,True,1,2,5.0,124.2439024390244,2,2.75
30,0,6877,5,12,0,0,3,2,2,4,2,2,4,1,24,0,0,4,2,3,0,0,0,True,False,False,False,False,False,True,3,1,12.0,221.83870967741936,1,2.75
45,0,2274,1,1,1,0,2,2,1,3,4,3,3,0,14,0,0,3,2,3,0,0,0,True,False,False,True,False,False,False,2,1,0.5,49.43478260869565,3,3.0
42,1,4434,1,10,9,8,2,3,2,2,4,2,3,0,13,0,1,3,29,3,7,8,1,True,False,False,True,False,False,False,3,1,1.0,103.11627906976744,3,2.5
38,1,6288,2,13,4,3,1,2,2,1,3,2,3,0,15,0,1,3,12,3,1,2,0,True,False,False,True,False,False,False,4,2,2.6,161.23076923076923,2,1.75
34,0,2553,1,6,5,2,3,2,1,4,3,3,3,0,16,0,0,3,16,4,1,3,0,True,False,False,True,False,False,False,2,2,1.0,72.94285714285714,2,3.25
49,0,7654,1,9,9,8,3,3,3,4,1,4,3,0,18,1,2,3,11,3,7,7,1,False,False,False,False,True,False,False,5,1,0.9,153.08,3,3.0
55,1,5160,4,12,9,7,3,3,2,4,3,2,3,0,16,1,0,3,2,1,7,3,0,False,False,False,False,False,False,True,5,1,1.2,92.14285714285714,4,3.0
43,1,17159,6,22,4,1,2,3,4,1,3,3,4,0,24,0,1,3,14,2,1,0,1,True,False,False,True,False,False,False,7,1,4.4,389.97727272727275,3,2.25
27,1,12808,1,9,9,8,3,2,3,4,2,3,3,1,16,0,1,3,5,1,0,8,0,True,False,True,False,False,False,False,7,1,0.9,457.42857142857144,1,3.0
35,1,10221,3,17,8,5,3,3,3,3,2,4,4,0,21,0,0,3,7,3,1,6,0,True,False,False,False,False,False,False,3,1,1.8888888888888888,283.9166666666667,2,3.0
28,0,4779,1,8,8,7,2,3,2,2,1,3,4,1,20,0,0,2,2,4,7,5,1,False,False,False,False,True,False,False,5,1,0.8888888888888888,164.79310344827587,1,2.0
34,1,3737,0,4,3,2,3,3,1,4,3,1,3,0,19,0,1,1,3,2,0,2,1,False,True,False,False,False,True,False,4,1,1.0,106.77142857142857,2,2.75
26,0,2366,1,8,8,7,3,2,1,3,1,3,3,1,14,1,1,2,5,2,1,7,1,True,False,False,False,False,False,True,2,2,0.8888888888888888,87.62962962962963,1,2.5
27,1,1706,1,0,0,0,4,3,1,4,3,2,3,0,11,0,3,6,3,3,0,0,1,True,False,False,False,False,False,True,2,0,0.0,60.92857142857143,1,3.25
51,0,16307,2,29,20,6,1,3,4,3,3,2,3,0,14,0,1,2,26,4,4,17,1,False,False,False,False,True,False,False,8,1,1.380952380952381,313.59615384615387,4,2.25
44,1,5933,9,10,5,2,4,3,2,2,4,2,3,0,12,0,0,2,4,3,2,3,0,True,False,False,False,False,False,True,4,1,1.6666666666666667,131.84444444444443,3,3.0
25,1,3424,7,6,4,3,1,4,1,1,3,2,3,0,13,0,0,3,2,1,0,1,0,True,False,False,False,False,False,True,2,1,1.2,131.69230769230768,1,1.75
33,1,4037,1,9,9,8,1,4,2,1,1,3,4,0,22,0,1,5,1,3,0,8,0,False,False,False,False,False,False,True,5,1,0.9,118.73529411764706,2,1.5
35,0,2559,1,6,6,5,3,2,1,1,4,2,3,0,11,0,0,3,27,1,1,1,0,True,False,False,False,False,False,True,2,1,0.8571428571428571,71.08333333333333,2,2.5
36,1,6201,1,18,18,14,2,3,2,4,4,2,3,1,14,0,1,1,1,2,4,11,1,False,False,False,True,False,False,False,5,1,0.9473684210526315,167.59459459459458,2,3.0
32,1,4403,2,8,5,2,2,3,2,4,3,2,3,0,11,0,1,3,13,4,0,3,0,False,False,False,True,False,False,False,5,1,1.3333333333333333,133.42424242424244,2,2.75
30,1,3761,9,10,5,4,2,2,1,4,2,2,3,0,12,0,1,3,5,4,0,3,0,True,False,False,True,False,False,False,2,2,1.6666666666666667,121.3225806451613,1,2.5
53,0,10934,7,35,5,2,1,2,3,4,4,3,3,1,18,0,1,3,7,2,0,4,1,False,False,False,False,True,False,False,5,1,5.833333333333333,202.4814814814815,4,3.0
45,1,10761,4,18,5,4,4,3,3,1,3,3,3,1,12,0,1,2,9,3,0,2,0,False,False,False,False,True,False,False,5,1,3.0,233.93478260869566,3,2.75
32,0,5175,5,9,5,3,3,4,2,3,3,2,3,0,12,0,1,3,8,2,1,3,1,True,False,False,False,False,False,True,2,1,1.5,156.8181818181818,2,2.75
52,0,13826,3,31,9,8,3,2,4,4,3,3,4,0,22,0,0,3,25,4,0,0,1,True,False,False,False,False,False,True,3,2,3.1,260.8679245283019,4,3.25
37,1,6334,4,9,1,0,4,2,2,3,4,3,3,0,19,0,2,2,16,4,0,0,0,False,False,False,False,True,False,False,5,1,4.5,166.68421052631578,2,3.5
28,1,4936,1,6,5,1,2,2,1,4,4,3,3,0,13,0,1,6,8,2,0,4,0,False,True,False,False,False,False,True,4,1,1.0,170.20689655172413,1,3.25
22,1,4775,6,4,2,2,4,2,2,4,1,1,4,0,22,0,2,2,1,2,2,2,1,True,False,False,True,False,False,False,3,1,1.3333333333333333,207.6086956521739,1,2.5
44,1,2818,2,10,3,2,1,4,1,4,3,2,4,1,24,0,1,2,8,4,0,2,1,True,False,False,True,False,False,False,1,1,2.5,62.62222222222222,3,2.5
42,1,2515,5,8,2,1,2,3,1,4,4,3,3,1,14,0,0,2,2,1,2,2,0,True,False,False,False,False,False,True,2,2,2.6666666666666665,58.48837209302326,3,3.25
36,1,2342,0,6,5,4,1,2,1,1,3,3,4,0,21,0,0,3,8,3,0,3,1,False,True,False,True,False,False,False,4,1,1.0,63.2972972972973,2,2.0
25,1,4194,1,5,5,3,3,3,2,1,4,3,3,1,18,0,0,3,3,1,0,3,1,False,False,False,False,False,False,False,5,1,0.8333333333333334,161.30769230769232,1,2.75
35,0,10685,1,17,17,14,4,2,3,3,2,3,4,1,20,0,1,2,9,3,5,15,1,True,False,False,True,False,False,False,3,1,0.9444444444444444,296.80555555555554,2,3.0
35,0,2022,1,10,10,2,4,3,1,2,1,2,3,1,19,1,1,3,25,4,7,8,0,True,False,False,True,False,False,False,2,2,0.9090909090909091,56.166666666666664,2,2.25
32,1,2314,0,4,3,0,4,3,1,4,2,3,3,0,12,0,1,2,1,3,0,2,0,True,False,False,True,False,False,False,1,0,1.0,70.12121212121212,2,3.25
25,1,4256,1,5,5,2,3,2,2,1,1,4,3,0,12,0,0,1,4,1,0,3,1,False,False,False,False,True,False,False,5,1,0.8333333333333334,163.69230769230768,1,2.25
49,0,3580,2,7,4,2,3,3,1,1,2,3,3,0,16,0,1,2,1,3,0,2,1,True,False,True,False,False,False,False,2,1,1.4,71.6,3,2.25
24,1,3162,0,6,5,2,1,2,1,4,4,2,3,0,17,0,0,2,4,1,3,4,1,True,False,False,True,False,False,False,1,0,1.0,126.48,1,2.75
32,1,6524,1,10,10,8,2,3,2,2,4,3,3,0,14,0,1,3,5,2,5,3,1,False,False,False,True,False,False,False,5,2,0.9090909090909091,197.6969696969697,2,2.75
38,1,2899,0,3,2,2,2,2,1,2,4,3,3,0,19,0,1,3,9,3,1,2,1,False,False,False,False,True,False,False,6,1,1.0,74.33333333333333,2,2.75
42,0,5231,2,17,5,3,3,4,2,4,2,2,3,1,13,0,1,1,3,3,1,3,1,True,False,False,True,False,False,False,1,1,2.8333333333333335,121.65116279069767,3,2.75
31,1,2356,3,8,6,4,4,3,1,4,2,3,3,1,19,0,1,2,11,4,0,2,1,True,False,False,True,False,False,False,2,1,1.1428571428571428,73.625,2,3.25
29,0,2800,6,5,3,2,2,2,1,3,3,3,3,1,19,1,3,3,1,3,0,2,0,False,False,False,False,False,False,True,6,1,1.25,93.33333333333333,1,2.75
53,1,11836,5,28,2,0,1,3,4,4,3,3,3,0,14,0,1,3,8,3,2,2,1,False,False,False,False,True,False,False,5,1,9.333333333333334,219.1851851851852,4,2.75
35,1,10903,3,16,13,10,4,2,3,2,1,3,3,0,16,0,0,2,25,3,4,8,1,True,False,True,False,False,False,False,3,1,1.1428571428571428,302.8611111111111,2,2.5
37,0,2973,5,10,5,4,3,3,1,4,2,3,3,0,15,0,1,3,21,2,0,0,1,False,False,False,False,False,False,True,6,2,1.6666666666666667,78.23684210526316,2,3.0
53,0,14275,6,33,12,9,4,3,4,4,3,3,3,0,18,0,0,0,23,4,3,8,0,True,False,False,True,False,False,False,7,1,2.5384615384615383,264.35185185185185,4,3.5
43,0,5562,4,12,5,2,4,3,2,4,2,2,3,0,13,0,1,2,1,3,2,2,1,True,False,False,True,False,False,False,4,2,2.0,126.4090909090909,3,3.0
47,0,4537,0,8,7,6,3,3,2,4,1,3,4,1,22,0,1,2,2,2,7,7,1,False,False,False,False,True,False,False,5,1,1.0,94.52083333333333,3,2.75
37,1,7642,1,10,10,0,1,3,3,2,4,3,3,1,13,0,0,2,19,2,0,9,0,False,False,False,False,False,False,True,5,0,0.9090909090909091,201.10526315789474,2,2.5
50,1,17924,1,31,31,6,1,3,4,1,4,3,3,0,11,0,1,3,2,4,14,7,0,True,False,False,True,False,False,False,8,0,0.96875,351.45098039215685,3,2.25
39,0,5204,8,13,5,4,4,2,2,4,3,3,3,0,11,0,2,2,2,3,0,4,1,False,True,False,True,False,False,False,4,1,2.1666666666666665,130.1,2,3.5
33,1,2277,3,7,4,3,4,3,1,2,3,4,3,1,11,0,1,4,3,2,0,3,0,False,True,False,False,False,True,False,4,1,1.4,66.97058823529412,2,3.25
32,1,2795,1,1,1,0,1,3,1,4,3,1,4,1,24,1,0,2,25,4,0,1,0,True,False,False,True,False,False,False,1,1,0.5,84.6969696969697,2,2.25
29,0,2532,6,8,4,3,1,2,1,4,3,3,3,0,14,0,3,5,7,1,0,3,0,True,False,False,False,False,False,True,1,1,1.6,84.4,1,2.75
44,1,2559,1,8,8,7,2,3,1,1,4,3,3,1,13,0,0,0,9,2,7,1,1,True,False,False,True,False,False,False,2,1,0.8888888888888888,56.86666666666667,3,2.5
28,1,4908,1,4,4,2,1,3,2,4,2,3,3,0,14,0,0,3,5,4,0,2,0,False,False,False,False,False,False,True,5,1,0.8,169.24137931034483,1,2.5
58,1,2380,9,3,1,0,4,2,1,4,4,2,3,1,14,1,1,3,2,1,0,0,0,True,False,False,True,False,False,False,1,2,1.5,40.33898305084746,4,3.5
43,0,4765,4,4,1,0,1,3,2,2,3,4,4,0,21,0,1,2,8,3,0,0,0,True,False,False,True,False,False,False,3,1,2.0,108.29545454545455,3,2.5
20,0,2044,1,2,2,2,3,2,1,3,4,2,3,0,13,1,0,3,2,3,0,2,0,False,False,False,False,False,False,True,6,1,0.6666666666666666,97.33333333333333,0,3.0
21,0,2693,1,1,1,0,4,3,1,4,1,2,3,0,19,1,0,3,18,1,0,0,0,True,False,False,False,False,False,False,2,1,0.5,122.4090909090909,1,2.75
36,1,6586,0,17,16,8,3,3,2,4,1,2,3,1,17,0,1,2,14,1,4,11,1,True,False,False,True,False,False,False,4,1,1.0,178.0,2,2.5
47,0,3294,1,3,3,2,4,2,1,4,1,2,3,1,18,0,0,3,2,4,1,2,0,False,False,False,True,False,False,False,6,1,0.75,68.625,3,2.75
22,0,4171,0,4,3,2,2,3,2,3,1,4,3,1,19,1,1,3,3,1,0,2,1,True,False,False,True,False,False,False,3,1,1.0,181.34782608695653,1,2.5
41,0,2778,4,10,7,7,2,1,1,4,3,2,3,1,13,1,1,1,2,4,1,0,0,True,False,False,True,False,False,False,1,1,1.25,66.14285714285714,3,2.75
28,0,2377,5,6,2,2,3,3,1,3,2,3,3,0,18,0,1,2,9,3,2,2,0,True,False,False,False,False,False,True,2,1,2.0,81.96551724137932,1,2.75
39,1,2404,7,8,2,2,4,3,1,1,4,1,4,1,21,1,0,2,6,3,2,2,1,True,False,False,False,False,False,True,1,1,2.6666666666666665,60.1,2,2.5
27,0,2318,1,1,1,1,2,3,1,3,3,3,3,0,19,0,0,2,4,3,0,0,0,True,False,False,True,False,False,False,2,1,0.5,82.78571428571429,1,2.75
34,1,2008,1,1,1,0,2,3,1,2,2,3,3,0,14,0,2,3,10,3,1,0,0,True,False,False,True,False,False,False,1,1,0.5,57.371428571428574,2,2.25
42,0,6244,7,10,5,4,3,2,2,3,1,3,3,0,17,0,0,6,14,2,0,3,0,False,False,False,False,False,False,True,5,1,1.6666666666666667,145.2093023255814,3,2.5
33,1,2799,3,6,3,2,3,2,1,1,2,3,3,1,11,0,0,1,1,4,0,2,0,True,False,False,False,False,False,False,2,1,1.5,82.32352941176471,2,2.25
58,0,10552,2,24,6,0,3,2,3,2,4,3,3,1,13,0,1,3,5,3,0,4,0,True,False,True,False,False,False,False,4,1,3.4285714285714284,178.84745762711864,4,3.0
31,1,2329,3,13,7,7,2,2,1,3,2,4,3,0,15,0,0,2,7,4,5,2,1,False,False,False,True,False,False,False,6,1,1.625,72.78125,2,2.75
35,0,4014,1,10,10,6,4,3,2,4,4,1,4,1,25,0,1,2,21,1,0,7,1,True,False,False,True,False,False,False,4,1,0.9090909090909091,111.5,2,3.25
49,0,7403,4,29,26,9,1,3,3,2,3,2,3,0,11,0,1,3,8,2,1,7,1,True,False,False,False,False,False,False,1,1,1.0740740740740742,148.06,3,2.0
48,1,2259,4,13,0,0,4,3,1,3,1,2,3,0,17,0,2,2,20,4,0,0,1,True,False,False,False,False,False,True,2,1,13.0,46.10204081632653,3,2.5
31,0,6932,1,9,9,8,4,3,2,3,4,2,3,0,13,0,1,2,20,2,0,0,1,False,False,False,False,True,False,False,5,0,0.9,216.625,2,3.25
36,1,4678,2,8,6,2,2,3,1,4,3,3,3,0,18,0,0,6,7,4,0,1,0,True,False,False,False,False,False,False,2,1,1.1428571428571428,126.43243243243244,2,3.0
38,0,13582,1,15,15,12,4,3,3,1,2,3,3,0,13,0,1,3,1,3,5,11,1,True,False,True,False,False,False,False,7,1,0.9375,348.2564102564103,2,2.5
32,0,2332,6,5,3,0,3,2,1,2,3,3,4,0,20,0,0,3,1,3,0,2,1,True,False,False,True,False,False,False,1,0,1.25,70.66666666666667,2,2.75
25,1,2413,1,1,1,0,3,2,1,2,3,3,3,1,18,1,3,2,19,2,0,0,1,False,False,False,False,True,False,False,6,1,0.5,92.8076923076923,1,2.75
40,1,9705,2,11,1,0,1,2,3,2,2,2,3,0,12,0,1,2,10,4,0,0,0,False,False,False,False,True,False,False,5,1,5.5,236.70731707317074,2,1.75
26,1,4294,1,7,7,7,3,2,2,1,2,3,3,0,12,0,0,2,1,3,0,7,0,False,False,False,False,False,False,True,5,2,0.875,159.03703703703704,1,2.25
41,1,4721,2,20,18,13,4,3,1,1,3,3,3,1,13,0,0,3,6,3,2,17,0,True,False,False,False,False,False,True,1,1,1.0526315789473684,112.4047619047619,3,2.75
36,1,2519,4,16,11,8,3,3,1,3,3,3,4,0,21,0,0,6,2,4,3,9,0,True,False,False,False,False,False,True,1,1,1.3333333333333333,68.08108108108108,2,3.0
19,1,2121,1,1,1,0,4,2,1,2,2,4,3,1,13,1,0,3,21,3,0,0,0,False,False,False,False,False,False,False,6,1,0.5,106.05,0,3.0
20,1,2973,1,1,1,0,1,3,1,1,2,3,3,0,19,1,0,2,4,3,0,0,0,True,False,True,False,False,False,False,1,1,0.5,141.57142857142858,0,1.75
31,0,5855,0,10,9,7,4,3,2,4,3,1,3,1,11,0,2,2,12,3,8,5,1,True,False,False,False,False,False,True,4,1,1.0,182.96875,2,3.0
40,1,3617,8,3,1,1,4,3,1,2,4,3,3,1,14,0,1,2,9,4,0,0,0,True,False,False,False,False,False,True,2,2,1.5,88.21951219512195,2,3.25
32,0,6725,1,8,8,7,3,3,2,1,3,4,3,0,12,0,1,2,3,4,6,3,1,True,False,False,False,False,False,True,3,1,0.8888888888888888,203.78787878787878,2,2.75
36,1,10325,1,16,16,7,3,2,3,4,1,3,3,1,11,1,1,6,3,1,3,7,1,False,False,False,True,False,False,False,5,1,0.9411764705882353,279.05405405405406,2,2.75
33,0,6949,0,6,5,0,2,2,2,4,1,3,3,0,14,0,0,3,1,3,1,4,0,True,False,False,True,False,False,False,4,1,1.0,204.38235294117646,2,2.5
37,1,10609,5,17,14,1,1,2,3,3,3,1,3,0,11,1,0,2,1,4,11,7,1,False,False,False,True,False,False,False,5,1,1.1333333333333333,279.1842105263158,2,2.0
45,1,4447,1,9,9,7,3,3,2,2,2,2,3,0,12,0,0,5,4,2,0,8,1,True,False,False,True,False,False,False,1,0,0.9,96.67391304347827,3,2.25
29,0,2157,1,3,3,1,3,3,1,4,2,3,3,0,15,0,1,5,20,3,0,2,1,False,False,True,False,False,False,False,6,2,0.75,71.9,1,3.0
35,0,4601,1,5,5,2,3,3,2,3,2,3,3,0,16,0,0,3,18,3,1,0,1,False,False,False,False,False,False,True,5,1,0.8333333333333334,127.80555555555556,2,2.75
52,1,17099,2,26,9,8,4,3,4,4,2,2,3,0,15,0,1,2,1,2,7,8,1,True,False,False,True,False,False,False,8,1,2.6,322.62264150943395,4,3.0
58,1,2479,4,7,1,0,4,3,1,3,1,3,4,0,24,1,0,4,2,3,0,0,0,True,False,True,False,False,False,False,2,1,3.5,42.016949152542374,4,2.75
53,1,14852,6,22,17,13,3,3,4,3,3,4,3,0,13,0,1,3,2,2,15,2,0,False,False,False,False,False,False,True,8,1,1.2222222222222223,275.037037037037,4,3.25
30,1,7264,5,10,8,4,3,3,3,3,1,4,3,0,11,0,1,2,8,2,7,7,0,False,False,False,False,False,False,False,5,1,1.1111111111111112,234.32258064516128,1,2.75
38,0,5666,1,6,5,3,3,3,2,4,2,3,3,1,13,0,0,1,10,3,1,3,0,False,False,True,False,False,False,False,5,0,1.0,145.28205128205127,2,3.0
35,1,7823,6,12,10,9,4,3,3,4,2,3,3,0,13,0,1,2,3,4,0,8,0,False,False,False,True,False,False,False,5,1,1.0909090909090908,217.30555555555554,2,3.25
39,1,7880,0,9,8,7,1,4,3,3,4,3,3,0,18,0,0,3,2,5,0,7,0,False,False,False,True,False,False,False,5,1,1.0,197.0,2,2.75
40,0,13194,4,22,1,0,2,4,4,2,4,2,3,1,16,1,0,2,24,3,0,0,0,False,False,False,True,False,False,False,5,0,11.0,321.8048780487805,2,2.5
47,1,5067,1,20,19,10,3,4,2,3,3,4,3,1,19,0,0,3,16,4,2,7,0,True,False,False,False,False,False,True,3,2,1.0,105.5625,3,3.25
36,1,5079,4,12,7,7,1,3,2,4,4,3,3,0,13,0,2,3,8,4,0,7,0,False,False,True,False,False,False,False,5,0,1.5,137.27027027027026,2,3.0
31,1,2321,0,4,3,2,3,2,1,1,1,3,4,1,22,1,0,0,9,2,1,2,0,True,False,False,False,False,False,True,2,0,1.0,72.53125,2,2.0
33,1,17444,1,10,10,8,4,3,4,3,4,3,3,0,11,0,0,2,17,3,6,0,0,False,False,False,True,False,False,False,8,0,0.9090909090909091,513.0588235294117,2,3.5
29,0,2404,6,3,0,0,4,2,1,1,3,3,4,1,20,1,0,5,10,3,0,0,0,True,False,False,True,False,False,False,2,1,3.0,80.13333333333334,1,2.75
33,0,3452,3,5,3,2,2,3,1,4,1,3,3,0,18,0,0,4,13,1,0,2,0,True,False,False,True,False,False,False,2,1,1.25,101.52941176470588,2,2.5
45,0,2270,3,8,5,3,4,3,1,4,4,3,3,0,14,0,2,2,1,4,0,2,0,True,False,False,False,False,False,True,1,1,1.3333333333333333,49.34782608695652,3,3.75
50,1,17399,9,32,5,4,4,3,4,4,3,2,4,0,22,0,1,1,1,2,1,3,0,True,False,False,False,False,False,True,7,1,5.333333333333333,341.15686274509807,3,3.25
33,0,5488,1,6,6,5,3,4,2,2,1,3,3,1,13,0,1,2,1,4,1,2,1,True,False,False,False,False,False,False,4,2,0.8571428571428571,161.41176470588235,2,2.25
41,1,19419,2,21,18,16,1,3,5,3,2,4,3,0,17,0,1,2,9,3,0,11,0,True,False,False,False,False,False,True,7,2,1.105263157894737,462.35714285714283,3,2.5
27,0,2811,9,4,2,2,3,3,1,2,2,3,3,0,14,0,1,2,16,4,2,2,1,True,False,True,False,False,False,False,1,1,1.3333333333333333,100.39285714285714,1,2.5
45,1,3633,1,9,9,8,4,3,2,1,3,3,3,1,15,0,1,2,23,2,0,8,1,True,False,False,True,False,False,False,1,0,0.9,78.97826086956522,3,2.75
47,0,4163,1,9,9,0,4,3,2,4,3,3,3,1,17,0,0,0,4,2,0,7,0,False,False,False,True,False,False,False,5,1,0.9,86.72916666666667,3,3.5
30,0,2132,4,7,5,2,1,3,1,3,2,3,3,1,11,1,0,2,22,3,0,1,1,True,False,False,True,False,False,False,2,1,1.1666666666666667,68.7741935483871,1,2.25
50,1,13973,3,22,12,11,4,3,4,3,4,3,3,1,18,0,1,2,24,3,1,5,1,True,False,False,True,False,False,False,3,1,1.6923076923076923,273.98039215686276,3,3.5
38,1,2684,0,3,2,1,3,3,1,3,2,2,3,0,17,0,1,0,10,1,0,2,1,True,False,False,False,False,False,True,2,2,1.0,68.82051282051282,2,2.5
46,1,10845,6,13,8,7,4,3,3,3,2,3,3,0,13,0,1,3,7,2,0,7,0,True,False,False,False,False,False,True,3,1,1.4444444444444444,230.74468085106383,3,3.0
24,0,4377,1,5,4,2,4,2,2,3,2,3,3,0,15,0,2,6,17,1,3,2,0,True,False,False,False,False,False,True,3,1,1.0,175.08,1,3.0
35,1,3743,1,5,4,2,3,2,1,2,4,1,4,1,24,1,1,2,14,4,0,2,0,True,False,False,False,False,False,False,1,1,1.0,103.97222222222223,2,2.5
31,0,4148,1,4,4,3,3,3,2,1,3,3,3,0,12,0,1,1,1,1,0,3,1,True,False,False,True,False,False,False,3,2,0.8,129.625,2,2.5
18,1,1051,1,0,0,0,2,3,1,4,4,3,3,0,15,0,0,2,5,2,0,0,0,True,False,False,True,False,False,False,2,0,0.0,55.31578947368421,0,3.25
54,0,10739,8,22,10,7,3,3,3,3,3,3,3,0,11,0,1,2,17,3,0,8,1,True,False,True,False,False,False,False,3,1,2.0,195.25454545454545,4,3.0
35,0,10388,1,16,16,10,3,3,3,3,3,2,3,1,11,0,1,3,25,4,10,1,0,True,False,False,False,False,False,True,4,1,0.9411764705882353,288.55555555555554,2,2.75
30,0,11416,0,9,8,7,2,4,3,1,3,2,3,1,12,0,3,4,8,2,1,7,1,True,False,False,True,False,False,False,7,1,1.0,368.258064516129,1,2.0
20,0,2600,1,1,1,0,4,2,1,1,1,3,3,1,15,1,0,2,11,3,0,0,0,True,False,False,False,False,False,True,2,1,0.5,123.80952380952381,0,2.25
30,0,2422,0,4,3,2,2,3,1,2,1,3,3,0,17,1,0,3,5,3,1,2,0,True,False,False,False,False,False,True,1,2,1.0,78.12903225806451,1,2.0
26,1,5472,1,8,8,7,4,4,2,4,2,3,3,0,12,0,0,2,2,2,1,3,1,True,False,False,False,False,False,True,3,1,0.8888888888888888,202.66666666666666,1,3.25
22,1,2451,1,4,4,3,2,1,1,1,1,2,3,0,15,0,1,3,8,1,1,1,1,True,False,False,True,False,False,False,1,1,0.8,106.56521739130434,1,1.5
48,1,4240,2,19,2,2,1,2,2,3,4,3,3,0,13,0,0,0,6,3,2,2,0,True,False,False,True,False,False,False,4,1,6.333333333333333,86.53061224489795,3,2.75
48,1,10999,7,27,15,11,3,2,3,3,2,3,3,0,14,0,0,3,4,4,4,8,0,True,False,False,True,False,False,False,4,1,1.6875,224.46938775510205,3,2.75
41,0,5003,6,8,2,2,4,3,2,3,2,3,3,0,14,0,0,6,7,2,2,1,0,True,False,False,False,False,False,True,3,1,2.6666666666666665,119.11904761904762,3,3.0
39,0,12742,1,21,21,6,4,2,4,4,3,3,3,0,16,0,1,3,1,1,11,8,1,True,False,False,True,False,False,False,3,1,0.9545454545454546,318.55,2,3.5
27,0,4227,0,4,3,2,1,3,2,4,2,3,3,0,18,0,1,2,2,4,2,2,1,True,False,False,True,False,False,False,3,1,1.0,150.96428571428572,1,2.5
35,1,3917,1,3,3,2,2,3,1,4,1,2,4,0,20,0,1,4,10,3,1,2,0,True,False,False,False,False,False,False,1,1,0.75,108.80555555555556,2,2.25
42,1,18303,6,21,1,0,4,3,5,3,2,4,3,0,13,0,0,3,5,2,0,0,1,False,False,False,False,True,False,False,8,1,10.5,425.6511627906977,3,3.25
50,1,2380,4,8,1,0,1,3,1,4,2,3,3,0,18,0,0,5,9,3,0,0,1,True,False,False,True,False,False,False,1,1,4.0,46.666666666666664,3,2.5
59,0,13726,3,30,5,3,3,2,4,4,1,3,3,1,13,0,0,4,2,3,4,3,0,True,False,False,True,False,False,False,3,1,5.0,228.76666666666668,4,2.75
37,0,4777,5,15,1,0,1,1,2,2,1,1,3,0,15,1,0,2,11,2,0,0,1,True,False,False,False,False,False,True,4,1,7.5,125.71052631578948,2,1.25
55,1,6385,3,17,8,7,3,3,2,2,4,3,3,1,14,0,2,3,18,4,6,7,1,True,False,False,False,False,False,True,4,2,1.8888888888888888,114.01785714285714,4,3.0
41,0,19973,1,21,21,16,2,1,5,3,2,3,4,0,22,0,2,3,7,1,5,10,0,True,False,False,True,False,False,False,7,0,0.9545454545454546,475.54761904761904,3,2.5
38,1,6861,8,19,1,0,2,3,2,4,3,3,3,1,12,0,0,1,3,4,0,0,0,False,False,False,True,False,False,False,5,1,9.5,175.92307692307693,2,3.0
26,1,4969,8,7,2,2,2,1,2,1,4,3,3,0,18,1,0,6,29,2,2,2,0,False,False,False,False,False,False,True,5,0,2.3333333333333335,184.03703703703704,1,2.5
52,0,19845,1,33,32,14,1,1,5,4,4,3,3,0,15,1,1,3,2,1,6,9,1,False,False,False,False,True,False,False,8,1,1.0,374.4339622641509,4,3.0
44,0,13320,3,23,12,11,4,4,4,4,3,3,3,1,18,0,1,2,28,3,11,11,1,False,False,False,False,False,False,True,5,1,1.7692307692307692,296.0,3,3.5
50,0,6347,0,19,18,7,4,3,2,3,1,3,3,0,12,0,1,3,1,3,0,13,1,False,False,False,True,False,False,False,5,0,1.0,124.45098039215686,3,2.75
36,0,2743,1,18,17,13,3,4,1,1,3,3,3,0,16,1,0,1,16,4,15,14,0,True,False,False,True,False,False,False,1,1,1.0,74.13513513513513,2,2.5
39,0,10880,1,21,21,6,4,3,3,1,3,3,3,1,13,0,0,2,22,3,2,8,0,True,False,False,False,False,False,True,3,2,0.9545454545454546,272.0,2,2.75
33,0,2342,0,3,2,2,2,2,1,4,4,2,3,0,19,0,0,2,8,1,2,2,0,False,False,False,True,False,False,False,6,0,1.0,68.88235294117646,2,3.0
45,0,17650,3,26,9,3,4,3,4,4,2,4,3,0,13,0,1,4,11,2,1,1,1,False,False,False,True,False,False,False,8,1,2.6,383.69565217391306,3,3.5
32,0,4025,9,10,8,7,4,3,1,3,2,3,3,0,12,0,0,2,29,4,7,7,0,True,False,False,False,False,False,True,1,0,1.1111111111111112,121.96969696969697,2,3.0
34,1,9725,0,16,15,1,2,4,2,4,4,2,3,0,11,0,1,2,1,4,0,9,0,False,False,False,False,True,False,False,5,1,1.0,277.85714285714283,2,3.0
59,1,11904,3,14,6,4,2,3,3,4,3,1,3,1,14,0,1,1,1,2,0,4,1,False,False,True,False,False,False,False,8,1,2.0,198.4,4,2.5
45,1,2177,1,6,6,3,2,3,1,2,1,3,3,0,16,0,0,3,24,4,0,4,0,False,True,False,False,False,False,True,4,1,0.8571428571428571,47.32608695652174,3,2.0
53,0,7525,2,30,15,7,3,2,3,2,1,3,3,0,12,0,1,2,2,3,6,12,1,False,False,False,False,True,False,False,5,2,1.875,139.35185185185185,4,2.25
36,1,4834,7,9,1,0,1,3,2,3,2,2,3,0,14,1,1,3,15,3,0,0,0,True,False,False,False,False,False,False,1,1,4.5,130.64864864864865,2,2.0
26,1,2042,6,6,3,2,1,3,1,1,2,3,3,1,14,1,1,2,2,3,1,2,1,True,False,False,True,False,False,False,2,2,1.5,75.62962962962963,1,1.75
34,0,2220,1,1,1,1,3,3,1,3,4,3,3,1,19,0,1,2,10,4,0,0,1,False,False,False,True,False,False,False,6,1,0.5,63.42857142857143,2,3.25
28,1,1052,1,1,1,0,4,3,1,2,2,3,4,0,22,0,0,5,10,1,0,0,1,False,False,False,False,False,False,True,6,1,0.5,36.275862068965516,1,2.75
38,1,2821,3,8,2,2,3,3,1,3,1,3,3,0,16,0,1,2,3,4,2,2,1,True,False,False,False,False,False,False,2,2,2.6666666666666665,72.33333333333333,2,2.5
50,1,19237,2,29,8,1,2,3,5,3,4,2,3,1,11,0,1,2,2,4,7,7,1,True,False,False,False,False,False,True,7,1,3.2222222222222223,377.19607843137254,3,2.75
37,0,4107,3,8,4,3,4,3,2,2,1,2,3,0,15,0,0,3,3,3,0,1,0,True,False,False,False,False,False,False,4,1,1.6,108.07894736842105,2,2.25
40,1,8396,1,8,7,7,3,3,2,1,2,2,3,0,14,0,1,3,26,3,7,5,1,False,False,False,False,True,False,False,5,1,1.0,204.78048780487805,2,2.0
26,0,2007,1,5,5,3,1,2,1,3,3,3,3,0,13,0,2,5,1,1,1,3,0,True,False,False,False,False,False,True,2,2,0.8333333333333334,74.33333333333333,1,2.5
46,1,19627,9,23,2,2,4,3,5,4,4,3,3,0,17,0,2,0,1,4,2,2,0,True,False,False,False,False,False,True,7,1,7.666666666666667,417.59574468085106,3,3.75
54,0,10686,6,13,9,4,3,2,3,3,2,3,3,0,11,0,1,4,2,4,7,0,1,False,False,False,True,False,False,False,5,1,1.3,194.29090909090908,4,2.75
56,0,2942,2,18,5,4,1,3,1,3,2,3,3,0,19,0,1,4,9,3,0,3,1,True,False,False,False,False,False,True,2,2,3.0,51.6140350877193,4,2.25
36,0,8858,0,15,14,8,4,2,3,4,2,2,3,0,11,0,0,2,12,5,7,8,0,True,False,False,False,False,False,True,3,1,1.0,239.40540540540542,2,3.0
55,1,16756,7,31,9,7,3,2,4,1,2,4,3,0,15,0,0,3,2,1,6,2,0,True,False,False,False,False,False,True,8,0,3.1,299.2142857142857,4,2.5
43,1,10798,5,18,1,0,3,2,3,4,3,3,3,0,13,0,1,5,25,3,0,0,0,False,False,False,False,False,False,True,5,1,9.0,245.4090909090909,3,3.25
20,0,2323,1,2,2,2,4,3,1,4,2,3,3,1,14,1,0,3,9,3,0,2,0,False,False,False,False,True,False,False,6,2,0.6666666666666666,110.61904761904762,0,3.25
21,0,1416,1,1,1,0,3,2,1,1,1,2,3,0,13,1,0,6,10,3,1,0,0,True,False,False,True,False,False,False,1,1,0.5,64.36363636363636,1,1.75
46,0,4615,8,19,16,13,4,2,2,1,1,3,4,1,23,0,3,2,8,4,1,7,0,True,False,False,True,False,False,False,2,1,1.1176470588235294,98.19148936170212,3,2.25
51,1,2461,9,18,10,0,1,3,1,3,3,4,3,1,12,1,3,2,4,4,2,7,1,True,False,False,True,False,False,False,2,1,1.6363636363636365,47.32692307692308,4,2.75
28,1,8722,1,10,10,7,2,2,3,1,1,2,3,0,12,1,0,2,24,2,1,9,0,True,False,True,False,False,False,False,4,0,0.9090909090909091,300.7586206896552,1,1.5
26,1,3955,1,6,5,3,1,2,1,1,1,3,3,0,16,0,2,2,1,2,1,3,1,True,False,False,False,False,False,True,1,1,1.0,146.4814814814815,1,1.5
30,1,9957,0,7,6,2,3,3,2,1,3,2,3,0,15,0,1,1,20,3,0,2,1,True,False,False,False,False,False,False,3,1,1.0,321.19354838709677,1,2.25
41,0,3376,1,10,10,6,2,4,1,3,3,3,3,0,13,0,0,3,7,2,0,8,1,True,False,True,False,False,False,False,2,1,0.9090909090909091,80.38095238095238,3,2.75
38,0,8823,0,20,19,9,3,2,3,3,1,2,3,0,18,0,1,4,17,1,1,9,1,True,False,False,True,False,False,False,4,1,1.0,226.23076923076923,2,2.25
40,1,10322,4,14,11,10,1,3,3,4,4,3,4,0,20,0,1,6,20,4,11,1,1,True,False,True,False,False,False,False,4,1,1.1666666666666667,251.7560975609756,2,3.0
27,1,4621,1,3,3,2,1,1,1,3,4,3,3,0,19,0,3,4,8,5,1,2,1,True,False,False,True,False,False,False,1,0,0.75,165.03571428571428,1,2.75
55,1,10976,3,23,3,2,4,3,3,2,2,3,3,0,18,0,1,4,2,1,1,2,1,True,False,False,True,False,False,False,3,2,5.75,196.0,4,2.75
28,0,3660,3,10,8,7,3,3,2,3,4,4,3,0,13,0,0,4,10,3,1,7,0,True,False,False,False,False,False,False,2,1,1.1111111111111112,126.20689655172414,1,3.5
44,1,10482,9,24,20,6,2,2,3,1,4,3,3,0,14,1,1,1,1,2,3,6,1,False,True,False,False,False,False,True,4,1,1.1428571428571428,232.93333333333334,3,2.5
33,1,7119,4,9,3,2,4,2,3,4,3,3,3,0,15,0,1,2,5,3,1,2,0,True,False,False,True,False,False,False,4,1,2.25,209.38235294117646,2,3.5
35,1,9582,0,9,8,7,4,3,3,1,1,3,4,1,22,1,0,2,4,3,4,7,0,False,False,True,False,False,False,False,5,1,1.0,266.1666666666667,2,2.25
33,0,4508,1,14,13,7,1,2,2,3,2,3,4,0,22,1,0,4,29,4,3,8,0,True,False,False,False,False,False,True,2,2,1.0,132.58823529411765,2,2.25
28,1,2207,1,4,4,2,1,3,1,3,4,2,3,0,16,0,1,5,15,2,2,2,0,True,False,False,True,False,False,False,1,1,0.8,76.10344827586206,1,2.5
34,1,7756,0,7,6,2,1,3,2,4,3,2,3,0,17,0,0,1,3,1,0,4,0,True,False,False,True,False,False,False,4,2,1.0,221.6,2,2.5
37,0,6694,2,8,1,0,4,2,2,4,3,3,3,1,14,0,3,5,10,4,0,0,0,False,False,False,True,False,False,False,5,1,4.0,176.1578947368421,2,3.5
25,1,3691,1,7,7,7,4,3,1,4,2,4,3,1,15,1,1,3,4,1,5,6,1,True,False,True,False,False,False,False,1,1,0.875,141.96153846153845,1,3.5
26,1,2377,1,1,1,1,1,3,1,3,3,2,4,0,20,1,1,0,21,3,0,0,0,True,False,False,False,False,False,True,1,1,0.5,88.03703703703704,1,2.25
33,1,2313,4,5,2,2,1,2,1,2,2,3,4,1,20,1,0,0,25,3,2,2,0,True,False,False,False,False,False,True,2,1,1.6666666666666667,68.02941176470588,2,2.0
42,1,17665,0,23,22,6,4,3,4,1,4,3,3,0,17,0,1,3,2,2,13,7,1,True,False,False,False,False,False,True,8,1,1.0,410.8139534883721,3,3.0
28,1,2596,1,1,1,0,1,2,1,2,1,3,3,0,15,1,2,2,1,3,0,0,0,True,False,False,False,False,False,True,1,2,0.5,89.51724137931035,1,1.75
50,1,4728,3,5,0,0,4,3,2,3,4,3,3,1,14,1,0,4,1,4,0,0,0,False,False,False,False,False,False,False,5,2,5.0,92.70588235294117,3,3.5
33,0,4302,0,4,3,2,4,3,2,2,3,3,3,0,17,0,1,3,7,3,0,2,1,False,False,False,True,False,False,False,5,2,1.0,126.52941176470588,2,3.0
34,1,2979,3,6,0,0,3,2,1,4,4,3,3,0,17,0,3,2,3,4,0,0,1,True,False,False,True,False,False,False,2,0,6.0,85.11428571428571,2,3.5
48,1,16885,2,27,5,4,1,4,4,4,3,2,4,0,22,0,0,3,1,4,2,1,0,True,False,False,False,False,False,True,8,0,4.5,344.59183673469386,3,2.5
45,0,5593,1,15,15,10,2,2,2,3,4,3,3,0,13,0,1,2,9,4,4,12,1,False,False,False,True,False,False,False,5,0,0.9375,121.58695652173913,3,3.0
52,1,10445,7,18,8,6,2,3,3,2,4,3,3,0,19,0,0,4,7,4,4,0,0,True,False,False,True,False,False,False,4,1,2.0,197.0754716981132,4,2.75
38,1,8740,0,9,8,7,3,2,3,3,2,3,3,1,14,0,2,2,10,4,2,7,0,False,False,False,False,True,False,False,5,1,1.0,224.10256410256412,2,2.75
29,0,2514,4,11,7,5,3,3,1,4,1,3,4,0,22,0,1,1,28,4,1,7,0,True,False,False,True,False,False,False,2,1,1.375,83.8,1,2.75
28,0,7655,0,10,9,7,4,3,3,2,2,2,3,0,17,0,3,3,3,3,1,7,0,True,False,False,False,False,False,True,3,1,1.0,263.9655172413793,1,2.5
46,1,17465,3,23,12,9,1,3,4,3,4,3,3,0,12,0,1,3,3,1,4,9,1,False,False,False,False,True,False,False,8,1,1.7692307692307692,371.59574468085106,3,2.75
38,1,7351,7,10,1,0,4,3,3,2,3,3,3,0,16,0,0,2,2,2,0,0,0,False,False,False,False,True,False,False,5,1,5.0,188.48717948717947,2,3.0
43,0,10820,8,18,8,7,3,3,3,1,3,3,3,0,11,0,1,1,27,3,0,1,1,True,False,False,True,False,False,False,3,2,2.0,245.9090909090909,3,2.5
39,1,12169,7,21,18,7,1,3,4,4,4,3,3,0,11,1,3,4,2,3,11,5,0,True,False,False,True,False,False,False,4,2,1.105263157894737,304.225,2,3.0
40,1,19626,1,21,20,7,3,2,5,3,1,4,3,0,14,0,0,2,14,3,4,9,0,True,False,False,False,False,False,True,7,1,1.0,478.6829268292683,2,2.75
21,0,2070,1,2,2,2,4,2,1,2,3,4,3,1,11,0,0,6,1,1,2,2,0,True,False,True,False,False,False,False,2,1,0.6666666666666666,94.0909090909091,1,3.25
39,1,6782,9,9,5,4,3,3,2,2,3,2,3,0,15,0,0,2,9,3,0,3,0,True,False,False,True,False,False,False,1,0,1.5,169.55,2,2.5
36,1,7779,2,18,11,9,1,3,2,4,1,3,4,0,20,0,0,0,18,4,0,9,0,True,False,False,True,False,False,False,3,0,1.5,210.24324324324326,2,2.25
31,1,2791,0,3,2,2,3,4,1,4,1,3,3,0,12,0,1,4,20,3,2,2,1,False,False,False,True,False,False,False,6,2,1.0,87.21875,2,2.75
28,1,3201,0,6,5,3,1,2,1,2,1,1,3,0,17,0,0,2,2,1,0,4,1,True,False,False,True,False,False,False,2,1,1.0,110.37931034482759,1,1.25
35,1,4968,1,5,5,2,4,3,2,4,4,3,3,0,11,0,1,3,11,2,0,2,0,False,False,False,False,True,False,False,5,2,0.8333333333333334,138.0,2,3.75
49,1,13120,6,22,9,8,4,2,4,2,2,3,3,0,17,0,1,3,8,4,2,3,1,False,False,True,False,False,False,False,5,1,2.2,262.4,3,2.75
34,1,4033,2,5,3,2,4,3,2,3,4,2,3,0,11,0,0,3,2,2,0,2,0,True,False,False,True,False,False,False,3,2,1.25,115.22857142857143,2,3.25
29,0,3291,0,8,7,5,4,3,1,2,4,2,3,0,14,0,2,2,10,3,1,1,0,True,False,False,True,False,False,False,2,2,1.0,109.7,1,3.0
42,1,4272,4,16,1,0,2,1,2,4,1,3,3,0,19,0,0,3,29,3,0,0,0,True,False,False,False,False,False,True,1,1,8.0,99.34883720930233,3,2.5
29,1,5056,1,10,10,7,2,2,2,4,3,2,3,1,15,0,1,2,8,1,1,2,1,True,False,False,False,False,False,True,3,1,0.9090909090909091,168.53333333333333,1,2.75
38,1,2844,1,7,7,6,3,4,1,3,4,4,3,0,13,0,1,2,1,3,5,0,1,False,True,False,False,False,True,False,4,1,0.875,72.92307692307692,2,3.5
28,1,2703,1,3,3,1,3,2,1,3,4,3,3,1,14,0,1,2,6,3,0,2,0,True,False,False,True,False,False,False,2,2,0.75,93.20689655172414,1,3.25
18,1,1904,1,0,0,0,3,3,1,3,4,3,3,0,12,1,0,0,8,1,0,0,0,True,False,False,False,False,False,True,1,0,0.0,100.21052631578948,0,3.25
33,0,8224,0,6,5,2,1,3,2,1,1,3,3,1,17,1,0,3,9,4,0,3,0,False,False,False,False,True,False,False,5,1,1.0,241.88235294117646,2,1.5
41,1,4766,3,6,1,0,2,3,1,4,1,3,3,1,11,0,1,4,12,4,0,0,1,True,False,False,True,False,False,False,1,1,3.0,113.47619047619048,3,2.5
31,1,2610,1,2,2,2,3,3,1,3,3,2,3,0,12,1,1,5,15,3,2,2,1,True,False,False,False,False,False,True,1,2,0.6666666666666666,81.5625,2,2.75
37,0,5731,7,9,6,2,3,2,2,4,3,3,3,0,13,0,2,2,25,2,1,3,0,True,False,False,False,False,False,True,4,1,1.2857142857142858,150.81578947368422,2,3.25
27,1,2539,1,4,4,2,4,2,1,3,3,3,3,0,13,0,1,0,6,3,2,2,1,True,False,False,True,False,False,False,2,1,0.8,90.67857142857143,1,3.25
34,0,5714,1,6,6,5,2,3,2,3,1,2,4,0,20,0,0,3,9,1,1,3,1,False,False,False,True,False,False,False,5,1,0.8571428571428571,163.25714285714287,2,2.0
35,1,4323,1,6,5,4,3,3,1,3,2,1,3,0,17,0,0,2,8,4,1,4,0,False,True,True,False,False,False,False,4,1,1.0,120.08333333333333,2,2.25
29,0,7336,1,11,11,8,4,2,3,1,1,1,3,0,13,1,1,3,23,1,3,10,1,False,False,False,True,False,False,False,5,1,0.9166666666666666,244.53333333333333,1,1.75
40,0,13499,9,20,18,7,2,3,3,3,3,2,3,0,17,0,0,3,9,4,2,13,0,True,False,False,False,False,False,True,7,2,1.0526315789473684,329.2439024390244,2,2.5
42,1,13758,0,22,21,9,3,3,4,1,2,2,3,1,12,1,0,2,12,3,13,14,0,False,False,False,True,False,False,False,5,2,1.0,319.95348837209303,3,2.0
42,1,5155,7,9,6,4,2,3,2,1,4,4,3,0,13,0,0,3,4,4,1,5,0,False,False,False,False,True,False,False,5,1,1.2857142857142858,119.88372093023256,3,2.75
35,1,2258,6,10,8,0,4,2,1,3,2,3,3,0,12,0,1,2,1,4,1,7,1,True,False,False,False,False,False,True,1,1,1.1111111111111112,62.72222222222222,2,3.0
24,1,3597,8,6,4,3,4,3,1,2,4,3,4,0,22,0,0,2,24,3,1,2,0,True,False,False,False,False,False,True,1,1,1.2,143.88,1,3.25
28,0,2515,1,1,1,1,3,3,1,4,4,2,3,1,11,1,0,4,12,1,0,0,1,True,False,False,True,False,False,False,1,1,0.5,86.72413793103448,1,3.25
26,1,4420,1,8,8,7,1,4,1,4,2,3,4,0,22,0,1,2,3,4,0,7,1,True,False,False,False,False,False,True,1,1,0.8888888888888888,163.7037037037037,1,2.5
30,1,6578,1,10,10,3,3,2,2,3,1,3,3,0,18,0,1,3,10,3,1,4,1,False,False,False,False,True,False,False,5,1,0.9090909090909091,212.19354838709677,1,2.5
40,0,4422,3,16,1,1,3,2,2,4,4,1,3,1,13,0,1,3,26,2,0,0,1,True,False,False,False,False,False,True,2,2,8.0,107.85365853658537,2,3.0
35,1,10274,2,15,7,7,3,2,3,2,2,4,3,0,18,0,1,2,2,3,6,4,0,True,False,False,True,False,False,False,3,1,1.875,285.3888888888889,2,2.75
34,1,5343,0,14,13,9,4,2,2,1,3,3,4,0,20,0,0,3,1,3,4,9,0,True,False,False,False,False,False,True,4,2,1.0,152.65714285714284,2,2.75
35,1,2376,1,2,2,2,4,2,1,4,2,4,3,0,13,0,1,2,4,4,2,2,1,True,False,False,False,False,False,False,1,2,0.6666666666666666,66.0,2,3.5
43,0,5346,8,7,4,3,1,1,2,3,2,2,3,0,13,1,0,2,9,3,1,3,0,False,False,False,False,True,False,False,5,1,1.4,121.5,3,2.0
32,0,2827,1,1,1,0,3,3,1,1,3,3,3,0,12,0,3,3,2,1,0,0,0,False,False,False,True,False,False,False,6,0,0.5,85.66666666666667,2,2.5
56,0,19943,4,28,5,2,4,3,5,1,4,3,3,0,13,0,1,2,4,4,4,2,0,True,False,True,False,False,False,False,8,1,4.666666666666667,349.87719298245617,4,3.0
29,0,3131,1,10,10,8,2,3,1,4,1,3,3,0,13,0,1,5,6,1,0,8,1,True,False,False,False,False,False,True,1,1,0.9090909090909091,104.36666666666666,1,2.5
19,1,2552,1,1,1,1,3,3,1,1,3,3,4,0,25,0,0,4,9,2,0,0,0,True,False,False,True,False,False,False,2,1,0.5,127.6,0,2.5
45,0,4477,4,7,3,2,1,3,1,3,3,2,3,1,19,0,1,2,7,3,0,2,1,True,False,False,False,False,False,True,2,1,1.75,97.32608695652173,3,2.25
37,0,6474,1,14,14,8,4,2,2,4,2,2,3,0,13,0,1,2,1,3,3,11,1,True,False,False,True,False,False,False,3,1,0.9333333333333333,170.3684210526316,2,3.0
20,1,3033,1,2,2,2,1,2,1,3,1,2,3,0,12,0,0,2,3,3,1,2,0,True,False,False,True,False,False,False,1,1,0.6666666666666666,144.42857142857142,0,1.75
44,1,2936,1,6,6,4,3,3,1,3,3,3,3,1,11,1,0,4,10,4,0,2,0,True,False,False,True,False,False,False,2,1,0.8571428571428571,65.24444444444444,3,3.0
53,0,18606,3,26,7,7,4,3,5,3,2,3,3,0,18,0,1,6,7,2,4,7,0,True,False,False,False,False,False,True,8,1,3.25,344.55555555555554,4,3.0
29,0,2168,0,6,5,4,2,1,1,4,1,2,3,1,18,0,1,2,15,1,1,3,1,True,False,False,True,False,False,False,2,1,1.0,72.26666666666667,1,2.25
22,1,2853,0,1,0,0,3,2,1,4,2,3,3,1,11,1,1,5,3,4,0,0,1,True,False,False,True,False,False,False,2,2,1.0,124.04347826086956,1,3.0
46,0,17048,8,28,26,15,3,3,4,1,1,3,4,0,23,0,0,2,2,3,15,9,1,False,False,False,False,True,False,False,8,1,1.037037037037037,362.72340425531917,3,2.0
44,1,2290,2,6,0,0,4,1,1,3,4,3,3,0,13,0,0,3,17,3,0,0,0,True,False,False,True,False,False,False,2,0,6.0,50.888888888888886,3,3.5
33,1,3600,1,5,5,4,2,3,1,3,4,3,3,0,13,0,1,2,2,3,1,4,1,False,True,False,False,False,True,False,4,1,0.8333333333333334,105.88235294117646,2,3.0
41,1,2107,6,5,1,0,1,2,1,1,1,1,3,0,17,1,1,2,5,2,0,0,0,True,False,False,True,False,False,False,2,0,2.5,50.166666666666664,3,1.0
30,1,4115,8,8,4,3,3,3,2,1,3,3,3,0,19,0,3,3,29,4,0,3,0,False,False,False,True,False,False,False,5,1,1.6,132.74193548387098,1,2.5
40,1,4327,5,5,0,0,2,3,2,2,4,3,3,0,12,0,3,2,2,4,0,0,1,False,False,False,False,False,False,True,5,2,5.0,105.53658536585365,2,2.75
50,0,17856,2,32,2,2,4,3,4,1,3,3,4,0,22,0,1,3,2,3,2,2,1,True,False,False,False,False,False,True,8,2,10.666666666666666,350.11764705882354,3,2.75
28,1,3196,1,6,6,5,4,2,1,1,3,3,3,0,12,0,3,2,19,4,3,3,1,True,False,False,False,False,False,True,1,1,0.8571428571428571,110.20689655172414,1,2.75
46,1,19081,5,25,4,2,4,3,5,2,1,3,3,0,11,0,1,2,15,2,0,3,1,True,False,False,True,False,False,False,7,1,5.0,405.97872340425533,3,2.5
35,1,8966,3,15,7,7,3,3,2,1,4,3,3,1,15,0,3,2,17,4,1,7,1,False,False,False,True,False,False,False,5,1,1.875,249.05555555555554,2,2.75
24,0,2210,1,1,1,0,4,3,1,2,1,1,3,0,13,1,1,3,17,2,0,0,1,True,False,False,True,False,False,False,1,1,0.5,88.4,1,2.0
33,0,4539,1,10,10,7,2,3,2,3,1,2,3,0,12,0,1,3,25,3,0,1,1,False,False,False,False,False,False,True,5,2,0.9090909090909091,133.5,2,2.0
36,1,2741,1,7,7,7,3,1,1,3,3,3,3,0,14,0,1,4,6,4,1,7,0,True,False,False,True,False,False,False,1,1,0.875,74.08108108108108,2,3.0
30,1,3491,1,10,10,7,3,3,2,3,1,2,3,0,13,0,3,4,7,4,8,9,0,True,False,False,True,False,False,False,1,1,0.9090909090909091,112.61290322580645,1,2.25
44,1,4541,1,20,20,11,4,3,2,4,2,3,4,0,25,0,0,3,29,4,13,17,0,True,False,False,False,False,False,False,2,1,0.9523809523809523,100.91111111111111,3,3.25
20,1,2678,1,2,2,1,3,4,1,4,4,3,3,0,17,0,0,2,21,3,2,2,0,False,False,False,False,True,False,False,6,1,0.6666666666666666,127.52380952380952,0,3.5
46,1,7379,2,12,6,3,4,3,2,4,3,2,3,0,11,0,1,3,2,4,1,4,0,True,False,True,False,False,False,False,3,1,1.7142857142857142,157.0,3,3.25
42,1,6272,7,10,4,3,4,4,2,1,1,4,3,0,16,0,1,3,2,5,0,3,1,False,True,False,False,False,False,True,4,0,2.0,145.86046511627907,3,2.5
60,1,5220,0,12,11,7,2,4,2,4,2,3,3,1,18,0,1,3,7,4,1,9,0,False,False,False,False,True,False,False,5,1,1.0,85.57377049180327,4,2.75
32,0,2743,1,2,2,2,3,2,1,2,3,3,4,0,20,0,1,2,13,3,2,2,1,True,False,False,False,False,False,False,1,2,0.6666666666666666,83.12121212121212,2,2.75
32,0,4998,4,10,8,7,4,3,2,3,4,3,3,1,14,0,0,2,2,2,0,7,0,True,False,False,True,False,False,False,2,2,1.1111111111111112,151.45454545454547,2,3.5
36,0,10252,2,17,7,7,3,1,3,1,3,3,4,1,21,0,1,2,1,3,7,7,0,True,False,True,False,False,False,False,3,1,2.125,277.0810810810811,2,2.5
33,1,2781,0,15,14,10,1,3,1,4,2,3,3,0,13,0,1,5,9,3,4,10,1,True,False,False,False,False,False,True,2,1,1.0,81.79411764705883,2,2.5
40,0,6852,7,7,5,1,2,2,2,2,2,4,3,0,12,0,1,2,10,3,1,3,0,False,False,True,False,False,False,False,5,1,1.1666666666666667,167.1219512195122,2,2.5
25,1,4950,0,5,4,3,3,3,2,4,2,3,3,0,14,0,0,4,10,4,1,1,0,False,False,False,True,False,False,False,5,1,1.0,190.3846153846154,1,3.0
30,1,3579,0,12,11,9,4,3,1,2,1,3,4,1,21,0,1,2,1,3,5,7,1,True,False,False,False,False,False,True,2,1,1.0,115.45161290322581,1,2.5
42,0,13191,3,20,1,0,1,3,3,1,3,3,3,1,17,0,0,6,26,5,0,0,1,True,False,False,False,False,False,True,7,2,10.0,306.7674418604651,3,2.0
35,0,10377,4,16,13,2,3,2,3,4,2,2,3,1,11,0,1,6,8,2,4,12,1,False,False,False,False,True,False,False,5,0,1.1428571428571428,288.25,2,2.75
27,1,2235,1,9,9,7,1,3,1,1,4,2,3,1,14,0,2,3,14,3,6,8,1,True,False,False,True,False,False,False,2,1,0.9,79.82142857142857,1,2.0
54,0,10502,7,33,5,4,4,3,3,3,1,1,3,0,17,0,1,2,1,4,1,4,0,True,False,False,True,False,False,False,3,2,5.5,190.94545454545454,4,2.25
44,0,2011,1,10,10,5,1,4,1,4,4,3,3,0,13,0,1,5,2,1,7,7,1,True,False,False,True,False,False,False,2,1,0.9090909090909091,44.68888888888889,3,3.0
19,0,1859,1,1,1,1,1,2,1,2,2,4,4,1,25,1,0,2,10,3,0,0,0,True,False,False,False,False,False,True,2,0,0.5,92.95,0,2.25
29,0,3760,1,3,3,2,1,3,1,4,1,3,3,0,15,0,3,5,1,3,1,2,0,True,False,False,True,False,False,False,2,1,0.75,125.33333333333333,1,2.25
54,1,17779,3,36,10,9,4,3,4,4,1,3,3,0,14,0,0,2,3,3,0,9,1,True,False,False,True,False,False,False,7,1,3.272727272727273,323.25454545454545,4,3.0
31,1,6833,1,6,6,5,3,3,2,1,4,2,3,1,12,0,0,2,11,2,0,1,1,True,False,False,False,False,False,True,4,1,0.8571428571428571,213.53125,2,2.5
31,0,6812,1,10,10,9,3,2,2,1,2,3,3,0,19,0,0,2,24,3,1,8,0,True,False,False,False,False,False,True,4,1,0.9090909090909091,212.875,2,2.25
59,0,5171,5,13,6,1,3,2,2,4,4,3,3,0,17,0,0,2,3,3,0,5,0,False,False,False,True,False,False,False,5,1,1.8571428571428572,86.18333333333334,4,3.5
43,1,19740,3,25,8,7,3,1,5,4,2,3,3,0,14,0,1,2,3,3,0,7,1,True,False,False,True,False,False,False,7,1,2.7777777777777777,448.6363636363636,3,3.0
49,1,18711,2,23,1,0,1,2,5,3,3,4,3,0,13,0,1,2,4,2,0,0,1,True,False,False,False,False,False,True,8,1,11.5,374.22,3,2.75
36,1,3692,1,12,11,10,3,3,1,2,3,2,3,0,12,0,0,2,3,3,0,7,1,True,False,True,False,False,False,False,2,2,1.0,99.78378378378379,2,2.5
48,1,2559,5,7,1,0,4,4,1,2,3,2,3,0,11,0,0,4,2,2,0,0,0,True,False,True,False,False,False,False,1,1,3.5,52.224489795918366,3,2.75
27,1,2517,1,5,5,3,1,3,1,3,2,3,3,0,11,0,3,2,4,2,0,3,0,True,False,False,True,False,False,False,2,1,0.8333333333333334,89.89285714285714,1,2.25
29,1,6623,1,6,6,0,3,3,2,4,2,3,3,1,11,0,2,2,7,3,1,0,0,True,False,False,True,False,False,False,4,1,0.8571428571428571,220.76666666666668,1,3.0
48,1,18265,6,25,1,0,4,2,5,4,3,4,3,0,12,0,0,3,1,3,0,0,0,True,False,False,True,False,False,False,7,1,12.5,372.7551020408163,3,3.75
29,0,16124,3,9,7,7,4,2,4,4,2,2,3,0,14,0,2,2,1,3,1,7,0,True,False,False,True,False,False,False,7,1,1.125,537.4666666666667,1,3.0
34,0,2585,0,2,1,0,3,4,1,3,4,2,3,0,17,0,0,5,20,3,0,0,1,True,False,True,False,False,False,False,2,1,1.0,73.85714285714286,2,3.0
44,1,18213,7,26,22,9,2,3,5,2,3,3,3,0,11,0,1,5,5,3,3,10,1,False,False,False,False,True,False,False,8,1,1.1304347826086956,404.73333333333335,3,2.5
33,1,8380,0,10,9,8,4,4,3,3,4,3,3,1,14,0,2,3,10,5,0,8,0,False,False,False,False,True,False,False,5,1,1.0,246.47058823529412,2,3.5
19,0,2994,1,1,1,0,2,4,1,4,4,3,3,1,12,0,0,2,25,3,0,1,0,True,False,False,True,False,False,False,2,1,0.5,149.7,0,3.25
23,1,1223,1,1,1,0,4,3,1,3,4,3,4,0,22,0,1,2,1,2,0,1,1,True,False,False,True,False,False,False,2,1,0.5,50.958333333333336,1,3.5
25,1,1118,1,1,1,0,3,1,1,4,4,3,3,1,14,1,0,4,24,1,1,0,0,False,False,False,True,False,False,False,6,2,0.5,43.0,1,3.5
26,1,2875,1,8,8,5,3,3,1,4,2,2,4,1,20,0,0,2,4,2,2,2,0,True,False,False,True,False,False,False,2,1,0.8888888888888888,106.48148148148148,1,2.75
45,0,18824,2,26,24,10,1,1,5,2,1,3,3,1,16,1,0,2,2,3,1,11,0,False,False,False,False,True,False,False,8,1,1.04,409.2173913043478,3,1.75
55,1,13577,1,34,33,9,4,2,4,2,4,3,3,1,15,0,1,3,8,1,15,0,0,True,False,False,False,False,False,True,4,0,1.0,242.44642857142858,4,3.25
21,0,2625,1,2,2,2,1,2,1,3,3,1,4,0,20,1,0,2,10,2,2,2,0,True,False,False,True,False,False,False,1,2,0.6666666666666666,119.31818181818181,1,2.0
46,0,18789,2,26,11,4,4,2,5,2,3,3,3,0,14,0,1,2,4,2,0,8,1,False,False,False,False,True,False,False,8,1,2.1666666666666665,399.7659574468085,3,3.0
34,0,4538,0,4,3,2,3,3,2,1,4,3,3,1,12,0,0,3,2,3,0,2,0,False,False,False,False,True,False,False,5,1,1.0,129.65714285714284,2,2.75
51,1,19847,4,31,29,10,4,3,5,2,1,2,4,1,24,0,1,5,9,3,11,10,0,False,False,False,True,False,False,False,8,2,1.0333333333333334,381.6730769230769,4,2.25
59,1,10512,6,25,9,7,4,3,3,4,4,2,3,0,12,0,0,6,18,4,5,4,0,True,False,False,False,False,False,True,3,1,2.5,175.2,4,3.5
34,0,4444,4,15,11,8,3,3,2,2,3,4,3,0,13,0,2,2,19,3,5,10,0,True,False,False,False,False,False,True,1,2,1.25,126.97142857142858,2,3.0
28,1,2154,0,5,4,2,4,3,1,3,3,2,3,1,11,0,0,2,1,4,0,2,0,True,False,False,False,False,False,True,1,2,1.0,74.27586206896552,1,3.0
44,1,19190,1,26,25,9,3,4,5,1,4,2,3,0,14,0,2,4,4,2,14,13,0,True,False,False,True,False,False,False,8,1,1.0,426.44444444444446,3,2.5
34,1,4490,4,14,10,9,3,2,2,2,4,4,3,0,11,0,2,5,11,3,1,8,1,False,True,False,True,False,False,False,4,2,1.2727272727272727,128.28571428571428,2,3.25
35,1,3506,0,4,3,2,3,3,1,3,4,3,3,1,14,0,0,3,6,1,2,2,1,True,False,False,True,False,False,False,2,1,1.0,97.38888888888889,2,3.25
42,0,2372,6,18,1,0,2,4,2,2,4,3,3,1,16,0,0,2,7,4,0,0,1,True,False,False,False,False,False,True,2,1,9.0,55.16279069767442,3,2.75
43,0,10231,3,23,21,7,4,2,3,4,4,4,3,0,14,0,0,3,4,4,15,17,0,False,False,False,False,True,False,False,5,1,1.0454545454545454,232.52272727272728,3,4.0
36,0,5410,9,18,16,14,3,3,2,2,4,3,3,1,11,0,0,2,2,4,5,12,0,True,False,False,True,False,False,False,3,1,1.0588235294117647,146.21621621621622,2,3.0
44,0,7978,1,10,10,7,1,3,3,4,4,3,3,0,11,1,1,2,15,3,0,5,1,True,False,False,False,False,False,True,4,1,0.9090909090909091,177.2888888888889,3,3.0
28,1,3867,1,2,2,2,4,2,1,4,2,3,3,1,12,0,1,2,2,3,2,2,1,True,False,False,True,False,False,False,1,2,0.6666666666666666,133.3448275862069,1,3.25
51,0,2838,0,8,7,0,2,2,1,3,2,2,3,0,14,0,0,6,6,2,7,7,0,True,False,False,False,False,False,True,1,2,1.0,54.57692307692308,4,2.25
30,0,4695,7,10,8,4,3,3,2,3,3,3,3,1,18,0,0,3,9,2,1,7,0,True,False,False,False,False,False,True,3,0,1.1111111111111112,151.4516129032258,1,3.0
29,0,3339,3,10,7,7,2,3,1,3,1,3,3,1,13,1,2,2,7,3,7,7,0,True,False,True,False,False,False,False,1,1,1.25,111.3,1,2.25
28,1,2080,2,5,3,2,4,3,1,1,2,2,3,0,11,0,0,2,1,3,1,2,0,True,False,True,False,False,False,False,2,1,1.25,71.72413793103448,1,2.25
25,0,2096,1,2,2,2,4,3,1,2,4,2,3,0,18,0,0,3,1,3,2,1,0,True,False,False,False,False,False,True,2,1,0.6666666666666666,80.61538461538461,1,3.0
32,1,6209,1,10,10,7,3,4,2,4,3,4,3,0,15,0,2,4,8,3,0,8,1,False,False,False,False,False,False,True,5,1,0.9090909090909091,188.15151515151516,2,3.5
45,0,18061,3,22,0,0,2,3,5,2,3,3,4,0,22,0,0,4,25,3,0,0,0,True,False,False,False,False,False,True,8,2,22.0,392.6304347826087,3,2.5
39,0,17123,6,21,19,9,3,2,4,2,4,3,3,1,13,0,2,4,13,4,15,2,0,True,False,False,False,False,False,True,8,1,1.05,428.075,2,3.0
58,1,2372,1,2,2,2,1,3,1,3,4,3,3,0,12,0,2,3,23,4,2,2,0,True,False,False,True,False,False,False,2,1,0.6666666666666666,40.20338983050848,4,2.75
32,1,4883,1,10,10,4,4,3,2,3,1,3,3,0,18,1,1,3,7,2,1,1,1,True,False,False,True,False,False,False,1,1,0.9090909090909091,147.96969696969697,2,2.75
39,1,3904,0,6,5,2,3,3,1,1,1,3,3,0,13,1,0,2,23,3,0,3,0,True,False,False,False,False,False,True,2,1,1.0,97.6,2,2.0
30,0,4627,0,10,9,2,1,2,2,4,1,3,3,0,12,0,1,6,6,3,6,7,1,True,False,True,False,False,False,False,1,1,1.0,149.25806451612902,1,2.25
36,0,7094,3,10,7,7,4,3,3,3,1,3,3,0,12,0,0,0,10,4,1,7,1,True,False,True,False,False,False,False,4,1,1.25,191.72972972972974,2,2.75
46,0,3423,6,10,7,6,4,3,1,1,3,4,3,0,12,0,0,3,1,2,5,7,0,False,True,False,True,False,False,False,4,1,1.25,72.82978723404256,3,3.0
28,0,6674,0,10,9,8,3,1,2,4,1,3,3,0,11,0,3,6,1,3,7,5,1,True,False,False,True,False,False,False,1,0,1.0,230.13793103448276,1,2.75
50,0,16880,4,25,3,2,4,3,4,1,2,3,3,1,11,0,0,2,28,3,1,2,1,True,False,False,True,False,False,False,7,1,6.25,330.98039215686276,3,2.5
40,1,9094,2,9,5,4,4,2,3,2,3,3,3,1,12,1,0,2,25,4,1,0,0,False,False,False,False,True,False,False,5,1,1.5,221.8048780487805,2,3.0
52,1,8446,9,10,8,7,2,3,3,2,3,2,3,1,19,1,0,2,5,3,7,7,0,False,False,False,True,False,False,False,5,1,1.1111111111111112,159.35849056603774,4,2.25
30,0,11916,1,9,9,1,2,3,3,1,4,3,4,1,23,0,2,2,17,4,0,8,1,True,False,False,False,False,False,True,8,1,0.9,384.38709677419354,1,2.5
39,1,4534,0,9,8,7,1,3,2,3,1,3,3,0,11,0,0,6,18,2,1,7,0,True,False,False,True,False,False,False,3,1,1.0,113.35,2,2.0
31,0,9852,1,10,10,8,4,3,3,3,1,2,3,1,19,0,1,5,2,4,9,6,0,False,False,False,True,False,False,False,5,0,0.9090909090909091,307.875,2,2.5
41,1,6151,1,19,19,2,3,1,2,2,1,3,3,0,13,0,0,4,10,2,11,9,0,False,False,False,False,False,False,True,5,0,0.95,146.45238095238096,3,2.25
31,0,2302,1,3,3,2,4,3,1,2,1,4,3,1,11,1,0,2,1,3,2,2,0,False,False,False,True,False,False,False,6,2,0.75,71.9375,2,2.75
44,1,2362,4,10,3,2,1,3,1,1,3,4,3,0,12,1,0,4,3,3,1,2,1,True,False,False,True,False,False,False,1,1,2.5,52.48888888888889,3,2.25
42,1,17861,0,21,20,8,3,3,4,3,4,2,3,1,13,0,0,3,2,1,2,10,1,True,False,False,True,False,False,False,8,0,1.0,415.3720930232558,3,3.0
55,0,19187,4,23,19,9,4,1,5,3,4,3,3,0,14,0,1,5,2,2,9,11,1,True,False,False,False,False,False,True,8,1,1.15,342.625,4,3.5
56,1,19717,6,36,7,3,4,3,5,2,1,3,3,0,14,0,0,4,8,4,7,7,0,False,True,False,True,False,False,False,8,1,4.5,345.9122807017544,4,2.5
40,1,3544,9,6,4,2,3,3,1,3,2,3,3,0,16,0,1,0,16,2,0,0,0,True,False,False,True,False,False,False,2,0,1.2,86.4390243902439,2,2.75
34,1,8500,0,10,9,7,4,3,3,4,4,2,3,0,11,0,1,0,9,3,1,6,0,True,False,False,True,False,False,False,4,1,1.0,242.85714285714286,2,3.5
40,1,4661,1,9,9,8,3,3,2,4,3,3,3,0,13,0,0,4,2,3,8,8,0,True,False,False,True,False,False,False,2,1,0.9,113.6829268292683,2,3.25
41,0,4103,0,10,9,3,3,3,2,1,4,3,3,0,17,0,1,2,1,3,1,7,0,False,False,False,False,True,False,False,5,2,1.0,97.69047619047619,3,2.75
35,1,4249,1,9,9,6,3,3,2,3,2,3,3,1,11,0,0,3,4,4,1,1,0,True,False,False,True,False,False,False,2,2,0.9,118.02777777777777,2,2.75
51,1,14026,1,33,33,9,3,3,4,2,2,3,3,1,11,0,1,2,5,3,0,10,0,False,True,False,True,False,False,False,8,1,0.9705882352941176,269.7307692307692,4,2.5
38,0,6893,3,11,7,7,2,3,2,1,4,3,3,0,15,0,1,3,2,2,1,7,0,False,False,False,True,False,False,False,5,1,1.375,176.74358974358975,2,2.5
34,0,6125,1,10,10,8,3,3,2,1,4,4,3,0,12,0,0,6,15,2,9,6,0,False,False,False,False,False,False,True,5,1,0.9090909090909091,175.0,2,3.0
25,1,3669,3,7,3,2,4,3,1,4,3,2,3,0,11,0,3,6,19,1,1,2,1,True,False,False,False,False,False,True,1,1,1.75,141.1153846153846,1,3.25
58,0,10008,7,31,10,9,3,2,3,1,4,2,3,1,14,1,0,0,7,4,5,9,1,True,False,False,False,False,False,True,3,1,2.8181818181818183,169.6271186440678,4,2.5
40,1,2387,3,7,4,2,2,3,1,2,3,3,4,0,22,0,1,3,1,4,0,3,1,True,False,False,True,False,False,False,1,1,1.4,58.21951219512195,2,2.5
36,0,4639,2,17,15,7,1,4,2,1,4,2,3,0,16,0,1,2,7,3,6,13,1,False,False,False,False,True,False,False,5,2,1.0625,125.37837837837837,2,2.0
48,1,7898,1,11,10,9,4,3,3,4,3,3,3,0,11,0,0,2,4,3,0,8,0,True,False,False,True,False,False,False,3,1,1.0,161.18367346938774,3,3.5
27,0,2534,8,5,1,0,3,4,1,4,2,3,3,0,14,0,1,4,11,3,0,0,1,False,False,False,False,False,False,True,6,1,2.5,90.5,1,3.0
51,0,13142,3,29,5,2,4,2,4,2,2,2,3,0,16,0,0,1,11,2,0,3,0,True,False,True,False,False,False,False,3,1,4.833333333333333,252.73076923076923,4,2.5
18,0,1611,1,0,0,0,4,3,1,4,3,4,3,0,15,0,0,5,1,3,0,0,0,True,False,False,True,False,False,False,1,0,0.0,84.78947368421052,0,3.75
35,0,5363,0,10,9,7,4,2,2,4,2,3,3,0,12,0,1,0,1,3,0,0,1,True,False,False,False,False,False,True,1,1,1.0,148.97222222222223,2,3.25
27,1,5071,3,8,6,2,4,1,2,4,2,3,4,0,20,0,0,3,2,1,0,0,0,False,False,False,True,False,False,False,5,2,1.1428571428571428,181.10714285714286,1,3.25
55,1,13695,6,24,19,7,1,4,4,3,3,2,3,1,17,1,0,2,13,4,3,8,0,False,False,False,False,True,False,False,5,1,1.2,244.55357142857142,4,2.25
56,1,13402,4,33,19,16,4,3,4,2,1,3,3,1,12,0,1,0,23,3,15,9,1,True,False,False,True,False,False,False,3,1,1.65,235.12280701754386,4,2.5
34,0,2029,1,5,5,4,1,2,1,3,3,3,4,0,20,0,3,2,26,1,0,0,0,True,False,True,False,False,False,False,2,0,0.8333333333333334,57.97142857142857,2,2.5
40,0,6377,5,15,12,11,2,4,2,3,2,3,4,0,20,0,3,0,2,1,11,8,0,True,False,False,False,False,False,True,4,1,1.1538461538461537,155.53658536585365,2,2.5
34,1,5429,4,10,8,7,2,3,2,3,1,3,3,0,13,0,2,1,29,3,7,7,1,True,False,False,False,False,False,True,1,1,1.1111111111111112,155.11428571428573,2,2.25
31,0,2785,7,3,1,0,3,2,1,4,3,4,3,0,14,1,0,3,2,3,0,0,0,False,False,False,True,False,False,False,6,2,1.5,87.03125,2,3.5
35,0,4614,0,5,4,2,4,3,2,3,3,2,3,1,18,1,1,0,18,4,3,2,1,False,False,False,False,True,False,False,5,2,1.0,128.16666666666666,2,3.0
38,1,2610,1,4,4,2,4,4,1,3,4,3,3,0,11,0,3,2,7,3,0,3,0,True,False,False,True,False,False,False,2,2,0.8,66.92307692307692,2,3.5
34,0,6687,1,14,14,11,3,3,2,4,4,4,3,0,11,0,0,2,2,4,4,11,0,True,False,True,False,False,False,False,4,1,0.9333333333333333,191.05714285714285,2,3.75
28,1,4724,1,5,5,3,3,2,2,1,3,3,3,0,11,0,1,0,26,3,0,4,1,False,False,False,True,False,False,False,5,1,0.8333333333333334,162.89655172413794,1,2.5
31,1,6179,1,10,10,2,4,3,2,3,4,2,3,1,15,1,2,3,22,4,6,7,1,True,False,False,False,False,False,True,3,1,0.9090909090909091,193.09375,2,3.25
39,1,6120,3,8,5,4,1,2,2,4,4,4,3,1,12,0,2,2,21,4,1,4,1,False,False,False,True,False,False,False,5,1,1.3333333333333333,153.0,2,3.25
51,1,10596,2,14,4,2,2,3,3,2,2,3,3,0,11,0,0,5,2,3,3,2,1,False,False,False,False,True,False,False,5,2,2.8,203.76923076923077,4,2.25
41,0,5467,3,12,6,2,4,3,2,4,1,2,3,1,14,0,2,4,22,3,3,3,0,True,False,False,True,False,False,False,2,2,1.7142857142857142,130.16666666666666,3,2.75
37,1,2996,7,8,6,4,3,3,1,3,4,3,3,1,15,0,0,2,4,1,1,3,1,True,False,False,True,False,False,False,2,1,1.1428571428571428,78.84210526315789,2,3.25
33,1,9998,6,8,5,4,2,3,2,4,1,4,3,0,13,0,0,2,5,1,1,2,1,False,False,False,True,False,False,False,5,2,1.3333333333333333,294.05882352941177,2,2.75
32,1,4078,0,4,3,2,3,3,2,2,1,2,3,1,13,0,3,3,2,1,1,2,1,False,False,False,False,True,False,False,5,1,1.0,123.57575757575758,2,2.0
39,1,10920,3,13,6,4,3,3,3,3,2,3,4,0,21,0,1,2,25,2,0,5,1,True,False,False,True,False,False,False,4,0,1.8571428571428572,273.0,2,2.75
25,1,6232,2,6,3,2,1,4,2,3,2,2,3,0,11,0,0,3,18,1,1,2,1,False,False,False,True,False,False,False,5,1,1.5,239.69230769230768,1,2.0
52,0,13247,2,24,5,3,4,4,4,3,2,2,3,1,11,0,1,3,28,2,0,2,1,True,False,False,False,False,False,True,3,2,4.0,249.9433962264151,4,2.75
43,0,4081,1,20,20,7,1,2,2,3,1,1,3,1,14,0,0,3,6,3,1,8,0,True,False,False,False,False,False,True,2,1,0.9523809523809523,92.75,3,1.5
27,0,5769,1,6,6,2,4,2,2,4,4,3,3,1,11,0,0,3,10,3,4,4,1,False,False,False,False,True,False,False,5,1,0.8571428571428571,206.03571428571428,1,3.75
27,0,2394,1,8,8,2,4,3,1,3,4,3,3,1,13,1,0,2,17,4,7,7,0,True,False,False,True,False,False,False,2,1,0.8888888888888888,85.5,1,3.5
26,1,3904,0,5,4,3,1,2,1,4,4,3,3,0,12,0,0,2,2,1,1,1,0,True,False,False,False,False,False,True,2,1,1.0,144.59259259259258,1,3.0
42,0,16799,0,21,20,7,3,3,4,1,3,3,3,0,14,0,1,5,10,3,0,9,1,False,True,False,False,False,True,False,8,1,1.0,390.6744186046512,3,2.5
52,0,2950,9,12,5,4,3,3,1,1,3,1,3,0,13,0,0,2,8,4,0,4,1,True,False,False,False,False,False,False,1,1,2.0,55.660377358490564,4,2.0
37,0,3629,4,8,3,2,1,3,1,3,1,3,3,0,18,0,0,6,11,3,0,2,0,True,False,False,False,False,False,True,1,1,2.0,95.5,2,2.0
35,1,9362,2,10,2,2,3,3,3,4,3,3,3,0,11,0,0,2,18,2,2,2,0,True,False,False,True,False,False,False,3,2,3.3333333333333335,260.05555555555554,2,3.25
25,1,3229,4,7,3,2,1,3,1,4,2,2,3,0,11,0,1,2,1,3,0,2,1,True,False,True,False,False,False,False,1,1,1.75,124.1923076923077,1,2.25
26,1,3578,0,8,7,7,3,4,1,1,4,3,3,0,12,0,0,2,7,3,0,7,0,True,False,False,False,False,False,False,1,1,1.0,132.5185185185185,1,2.75
29,1,7988,1,10,10,9,2,2,3,1,1,2,3,0,13,0,0,3,17,3,0,9,0,False,True,False,False,False,False,False,4,1,0.9090909090909091,266.26666666666665,1,1.5
49,1,4284,3,20,4,3,1,2,2,1,1,3,4,0,20,1,0,2,28,2,1,3,0,True,False,False,True,False,False,False,1,2,4.0,85.68,3,1.5
29,0,7553,0,9,8,7,3,3,3,4,1,3,3,1,12,1,0,1,14,1,7,7,0,True,False,False,False,False,False,False,4,2,1.0,251.76666666666668,1,2.75
54,0,17328,6,29,20,7,4,3,4,4,4,2,3,0,19,0,0,3,1,3,12,7,0,True,False,False,False,False,False,True,7,1,1.380952380952381,315.05454545454546,4,3.5
58,0,19701,3,32,9,8,4,3,5,1,3,3,4,1,21,0,1,3,1,3,1,5,1,True,False,False,False,False,False,True,7,1,3.2,333.91525423728814,4,2.75
55,1,14732,2,31,7,7,2,4,4,4,4,4,3,0,13,0,2,4,1,4,0,0,0,True,False,False,False,False,False,True,7,1,3.875,263.07142857142856,4,3.5
36,0,9278,3,15,5,4,1,3,2,2,4,3,3,1,16,0,0,3,3,4,0,1,0,False,False,False,False,True,False,False,5,1,2.5,250.75675675675674,2,2.5
31,0,1359,1,1,1,0,2,1,1,3,2,3,3,0,12,1,0,3,1,4,0,0,0,False,False,False,True,False,False,False,6,2,0.5,42.46875,2,2.5
30,0,4779,7,8,3,2,4,3,2,1,2,3,3,0,14,0,2,3,7,4,0,2,0,False,False,False,False,True,False,False,5,1,2.0,154.16129032258064,1,2.5
31,0,16422,3,9,3,2,1,3,4,2,3,4,3,0,11,0,0,3,8,5,1,0,0,True,False,False,True,False,False,False,7,1,2.25,513.1875,2,2.5
34,1,2996,5,10,4,3,4,3,1,1,3,3,3,0,14,0,2,2,1,4,1,3,0,True,False,False,False,False,False,False,2,2,2.0,85.6,2,2.75
31,0,1261,1,1,1,0,1,2,1,2,3,4,3,0,12,1,0,3,8,3,0,0,0,True,False,False,True,False,False,False,2,1,0.5,39.40625,2,2.5
27,1,2099,0,6,5,0,2,3,1,1,2,4,3,0,14,0,0,3,11,1,1,4,1,True,False,False,True,False,False,False,1,1,1.0,74.96428571428571,1,2.25
36,1,5810,1,10,10,4,1,2,2,4,3,2,3,0,16,0,0,2,4,4,1,8,0,True,False,False,True,False,False,False,1,1,0.9090909090909091,157.02702702702703,2,2.5
36,0,5647,4,11,3,2,3,2,2,1,1,2,3,0,13,0,2,3,16,4,0,2,1,False,False,False,False,True,False,False,5,1,2.75,152.6216216216216,2,1.75
47,1,3420,7,17,6,5,1,3,1,4,3,2,3,0,12,0,1,2,1,3,1,2,1,True,False,True,False,False,False,False,2,1,2.4285714285714284,71.25,3,2.5
25,1,4400,3,6,3,2,1,2,1,1,1,3,3,0,12,1,0,2,9,2,2,2,1,False,False,False,True,False,False,False,6,1,1.5,169.23076923076923,1,1.5
37,1,3500,0,7,6,5,3,4,1,3,1,1,3,0,14,0,0,2,5,2,1,3,0,True,False,True,False,False,False,False,1,0,1.0,92.10526315789474,2,2.0
56,0,2066,2,5,3,2,1,3,1,1,4,4,4,0,22,0,1,3,1,2,1,0,1,True,False,False,True,False,False,False,2,1,1.25,36.24561403508772,4,2.5
47,0,17169,3,26,20,17,1,3,4,3,2,4,3,0,19,0,2,2,2,4,5,6,1,True,False,False,False,False,False,True,7,1,1.2380952380952381,357.6875,3,2.5
24,0,4162,1,5,5,4,4,3,2,3,3,3,3,1,12,0,2,3,4,1,0,3,1,False,False,False,False,False,False,True,5,1,0.8333333333333334,166.48,1,3.25
32,1,9204,4,7,4,3,4,3,2,4,3,2,3,0,12,0,1,3,7,5,0,3,1,False,False,False,False,True,False,False,5,1,1.4,278.90909090909093,2,3.25
34,0,3294,5,7,5,4,4,2,1,2,1,2,3,0,17,0,1,2,1,3,0,2,1,True,False,False,True,False,False,False,1,1,1.1666666666666667,94.11428571428571,2,2.25
41,1,2127,2,7,4,2,2,4,1,3,1,2,3,1,12,0,0,5,5,5,0,3,1,True,False,False,False,False,False,True,2,1,1.4,50.642857142857146,3,2.0
40,1,3975,3,11,8,7,3,3,2,3,3,4,3,0,11,0,2,2,9,4,0,7,0,True,False,False,False,False,False,False,1,0,1.2222222222222223,96.95121951219512,2,3.25
31,1,10793,1,13,13,7,1,3,3,4,1,3,3,0,18,0,1,5,8,2,9,9,0,False,False,False,True,False,False,False,5,1,0.9285714285714286,337.28125,2,2.25
46,1,10096,4,28,7,7,1,3,3,4,1,4,3,0,11,1,1,1,9,3,4,3,0,False,False,False,False,True,False,False,5,1,3.5,214.80851063829786,3,2.5
39,0,3646,2,11,1,0,1,2,1,1,2,4,4,1,23,1,0,2,2,3,0,0,0,True,False,False,True,False,False,False,1,0,5.5,91.15,2,2.0
31,0,7446,1,10,10,8,3,4,3,2,1,3,3,0,11,1,0,2,1,5,4,7,0,True,False,False,True,False,False,False,3,2,0.9090909090909091,232.6875,2,2.25
45,1,10851,2,24,7,7,2,1,3,1,2,3,3,1,18,0,1,2,20,3,0,7,0,True,False,False,False,False,False,True,4,1,3.0,235.8913043478261,3,2.0
31,0,2109,9,8,3,2,4,4,1,2,4,3,3,0,18,0,0,3,8,2,0,2,0,False,True,False,False,False,False,True,4,1,2.0,65.90625,2,3.25
31,1,3722,6,7,2,2,2,3,1,4,3,1,3,1,13,1,1,2,2,3,2,2,1,True,False,False,True,False,False,False,1,2,2.3333333333333335,116.3125,2,2.5
45,1,9380,4,10,3,1,2,3,3,4,4,4,3,1,18,0,2,4,29,3,1,2,1,True,False,True,False,False,False,False,3,1,2.5,203.91304347826087,3,3.5
48,1,5486,4,15,2,2,3,3,2,1,1,3,3,0,11,0,3,3,7,3,2,2,0,False,False,False,False,True,False,False,5,1,5.0,111.95918367346938,3,2.0
34,0,2742,1,2,2,2,1,3,1,3,4,3,3,0,15,1,0,0,9,4,2,2,1,False,True,True,False,False,False,False,4,1,0.6666666666666666,78.34285714285714,2,2.75
40,1,13757,2,16,9,8,4,2,3,2,3,3,3,0,11,0,1,5,8,1,4,8,0,True,False,False,False,False,False,True,7,0,1.6,335.5365853658537,2,3.0
28,1,8463,0,6,5,4,4,3,2,1,4,3,3,0,18,0,0,4,5,3,1,3,0,False,False,False,False,False,False,True,5,1,1.0,291.82758620689657,1,3.0
44,1,3162,3,7,5,2,3,2,1,3,4,3,3,0,14,0,0,5,5,3,0,3,0,True,False,False,True,False,False,False,1,0,1.1666666666666667,70.26666666666667,3,3.25
53,1,16598,4,35,9,8,4,4,4,2,2,2,3,0,12,0,0,2,2,3,8,8,0,True,False,False,False,False,False,True,7,1,3.5,307.3703703703704,4,2.5
49,1,6651,2,20,3,2,1,3,2,3,2,2,3,0,14,0,1,0,5,4,1,2,1,True,False,True,False,False,False,False,4,1,5.0,133.02,3,2.0
40,1,2345,2,8,3,1,3,3,1,3,3,4,3,0,14,0,1,3,2,3,1,2,0,True,False,False,False,False,False,True,2,1,2.0,57.19512195121951,2,3.25
44,1,3420,1,6,5,2,4,3,1,2,3,2,3,0,13,0,0,3,20,3,1,3,0,True,False,False,True,False,False,False,2,1,1.0,76.0,3,2.75
33,1,4373,0,5,4,3,4,3,2,1,1,3,3,0,14,0,2,2,7,3,0,3,1,False,False,False,False,False,False,True,5,2,1.0,128.61764705882354,2,2.25
34,1,4759,3,15,13,9,4,1,2,1,4,3,3,0,18,0,0,2,3,3,3,12,0,False,False,False,False,False,False,False,5,1,1.0714285714285714,135.97142857142856,2,3.0
30,1,5301,8,4,2,1,4,3,2,3,3,2,3,0,15,0,2,2,16,1,2,2,1,False,False,False,True,False,False,False,5,1,1.3333333333333333,171.0,1,3.0
42,0,3673,1,12,12,9,1,3,1,4,3,3,3,0,13,0,0,3,9,2,5,8,0,True,False,False,False,False,False,True,1,2,0.9230769230769231,85.4186046511628,3,2.75
44,0,4768,7,11,1,0,1,3,2,3,3,2,3,0,12,0,1,4,1,5,0,0,1,False,False,False,False,True,False,False,5,2,5.5,105.95555555555555,3,2.25
30,1,1274,1,1,1,0,3,3,1,3,2,2,3,0,13,0,2,2,7,3,0,0,0,True,False,True,False,False,False,False,2,0,0.5,41.096774193548384,1,2.5
57,1,4900,0,13,12,9,2,4,2,3,1,2,4,0,24,0,1,2,1,2,2,8,1,True,False,False,True,False,False,False,2,1,1.0,84.48275862068965,4,2.0
49,1,10466,3,29,8,7,3,3,3,2,2,3,3,0,14,0,2,3,7,4,0,7,0,True,False,False,True,False,False,False,4,1,3.2222222222222223,209.32,3,2.5
34,1,17007,7,16,14,8,2,3,4,1,4,2,3,0,14,0,2,3,15,3,6,9,0,True,False,False,False,False,False,True,7,2,1.0666666666666667,485.9142857142857,2,2.25
28,1,2909,3,5,3,2,1,3,1,3,4,4,3,0,15,1,1,3,1,3,1,2,1,False,False,True,False,False,False,False,6,2,1.25,100.3103448275862,1,3.0
29,0,5765,5,7,5,3,1,3,2,2,1,1,3,0,11,1,0,4,13,3,0,0,0,False,False,True,False,False,False,False,5,2,1.1666666666666667,192.16666666666666,1,1.25
34,0,4599,0,16,15,9,1,2,2,2,3,4,4,1,23,1,0,2,24,4,10,10,0,False,False,False,False,False,False,True,5,1,1.0,131.4,2,2.5
35,1,2404,1,1,1,0,4,3,1,3,1,3,3,0,13,0,1,3,7,1,0,0,1,False,False,False,True,False,False,False,6,1,0.5,66.77777777777777,2,2.75
24,1,3172,2,4,0,0,2,3,1,1,3,2,3,1,11,1,0,2,9,3,0,0,0,True,False,False,False,False,False,True,1,2,4.0,126.88,1,2.0
24,0,2033,1,1,1,0,4,3,1,2,3,3,3,0,13,0,1,2,13,2,0,0,1,False,False,False,True,False,False,False,6,0,0.5,81.32,1,3.0
44,1,10209,5,16,2,2,2,3,3,3,2,2,3,1,18,0,0,2,2,1,2,2,0,True,False,False,False,False,False,True,3,2,5.333333333333333,226.86666666666667,3,2.25
29,1,8620,1,10,10,7,3,2,2,3,3,3,3,0,14,0,2,3,19,3,0,4,0,False,False,False,True,False,False,False,5,1,0.9090909090909091,287.3333333333333,1,3.0
30,1,2064,0,6,5,3,3,3,1,3,1,4,4,0,21,0,1,3,1,3,1,3,0,False,True,False,True,False,False,False,4,1,1.0,66.58064516129032,1,2.75
55,1,4035,0,4,3,2,4,3,2,3,2,3,3,1,16,0,0,2,4,4,1,2,1,True,False,False,True,False,False,False,4,1,1.0,72.05357142857143,4,3.0
33,0,3838,8,8,5,4,1,2,1,2,4,3,3,0,11,0,0,5,4,4,0,2,1,True,False,False,False,False,False,True,1,1,1.3333333333333333,112.88235294117646,2,2.5
47,0,4591,3,11,5,4,3,3,2,3,3,2,3,1,17,0,1,4,14,3,1,2,1,False,False,False,False,False,False,True,5,1,1.8333333333333333,95.64583333333333,3,2.75
28,1,2561,7,8,0,0,3,2,1,1,3,2,3,0,11,1,0,2,2,2,0,0,0,True,False,False,False,False,False,True,1,2,8.0,88.3103448275862,1,2.25
28,1,1563,1,1,1,0,1,2,1,3,4,1,3,0,14,0,1,2,1,3,0,0,0,True,False,False,True,False,False,False,2,1,0.5,53.89655172413793,1,2.25
28,1,4898,0,5,4,2,3,3,2,1,4,3,3,0,14,0,0,5,7,3,1,3,0,False,False,False,True,False,False,False,5,2,1.0,168.89655172413794,1,2.75
49,0,4789,4,10,3,2,3,2,2,1,1,3,4,0,25,0,1,3,3,2,1,2,1,True,False,False,False,False,False,True,1,1,2.5,95.78,3,2.0
29,0,3180,0,4,3,2,4,3,1,2,3,3,3,0,13,0,3,3,2,1,0,2,1,True,False,False,True,False,False,False,1,2,1.0,106.0,1,3.0
28,1,6549,1,8,8,6,3,1,2,2,2,2,3,0,14,0,2,2,29,1,1,7,1,True,False,False,True,False,False,False,3,1,0.8888888888888888,225.82758620689654,1,2.25
33,1,6388,2,14,0,0,4,3,2,3,1,3,3,1,17,0,0,6,8,5,0,0,0,True,False,False,True,False,False,False,4,1,14.0,187.88235294117646,2,2.75
32,1,11244,2,10,5,2,3,3,3,4,2,4,4,0,25,0,0,5,10,3,0,0,0,True,False,False,False,False,False,True,8,1,1.6666666666666667,340.72727272727275,2,3.25
54,0,16032,3,26,14,9,2,3,4,4,1,3,4,0,20,0,1,2,11,4,1,12,0,True,False,False,False,False,False,True,8,2,1.7333333333333334,291.4909090909091,4,2.5
29,1,2362,6,11,9,7,1,2,1,1,3,1,3,0,13,1,0,2,1,4,0,7,0,True,False,True,False,False,False,False,2,1,1.1,78.73333333333333,1,1.5
44,1,16328,3,24,20,6,4,3,4,1,3,4,3,0,13,0,1,1,28,3,14,17,1,True,False,False,True,False,False,False,7,1,1.1428571428571428,362.84444444444443,3,3.0
39,0,8376,4,9,2,0,2,3,3,2,4,3,3,0,18,0,0,3,6,3,2,2,0,True,False,False,True,False,False,False,3,1,3.0,209.4,2,2.75
46,0,16606,8,23,13,12,3,3,4,2,4,4,3,0,12,0,1,2,3,3,5,1,1,False,False,False,True,False,False,False,8,1,1.6428571428571428,353.3191489361702,3,3.25
35,0,8606,1,11,11,8,4,2,3,2,4,1,3,0,19,0,0,3,16,3,3,3,0,True,False,False,True,False,False,False,4,1,0.9166666666666666,239.05555555555554,2,2.75
23,1,2272,0,5,4,3,1,3,2,3,2,3,3,0,14,0,0,2,20,1,1,2,0,True,False,False,True,False,False,False,1,1,1.0,94.66666666666667,1,2.25
40,1,2018,3,15,5,4,4,3,1,1,2,1,3,0,14,1,0,3,9,4,1,0,0,True,False,False,True,False,False,False,1,1,2.5,49.21951219512195,2,2.0
34,1,7083,1,10,10,9,4,2,3,3,4,3,3,1,14,0,0,3,1,3,8,6,1,False,False,True,False,False,False,False,5,1,0.9090909090909091,202.37142857142857,2,3.5
31,0,4084,1,7,7,2,4,3,1,3,1,1,3,0,12,1,0,2,3,3,7,7,0,True,False,False,True,False,False,False,2,2,0.875,127.625,2,2.25
50,1,14411,1,32,32,6,3,1,4,4,4,3,3,1,13,0,0,2,22,5,13,9,0,True,False,False,False,False,False,True,7,2,0.9696969696969697,282.5686274509804,3,3.5
34,1,2308,0,12,11,10,2,3,1,3,2,3,4,1,25,0,1,4,7,2,5,7,1,False,False,True,False,False,False,False,6,1,1.0,65.94285714285714,2,2.5
42,1,4841,4,4,1,0,3,2,1,2,2,3,3,0,14,0,1,3,2,3,0,0,1,True,False,False,False,False,False,True,1,1,2.0,112.5813953488372,3,2.5
37,1,4285,1,10,10,8,1,3,2,4,1,3,3,0,17,0,0,2,13,3,3,7,1,True,False,False,False,False,False,True,2,1,0.9090909090909091,112.76315789473684,2,2.25
29,0,9715,3,9,7,7,3,1,2,1,3,3,3,0,13,0,1,3,8,1,0,7,1,True,False,False,False,False,False,False,4,1,1.125,323.8333333333333,1,2.5
33,1,4320,1,5,5,3,4,2,2,2,4,3,3,0,13,0,0,2,25,3,0,2,0,True,False,False,True,False,False,False,3,1,0.8333333333333334,127.05882352941177,2,3.25
45,1,2132,4,8,5,4,4,3,1,4,4,3,4,0,20,0,1,3,28,3,0,3,1,True,False,True,False,False,False,False,2,1,1.3333333333333333,46.34782608695652,3,3.75
42,1,10124,2,24,20,8,4,3,3,4,3,1,3,1,14,0,1,3,2,3,13,9,1,True,False,False,True,False,False,False,4,2,1.1428571428571428,235.4418604651163,3,3.0
40,1,5473,0,9,8,4,1,3,2,1,4,4,3,0,12,0,0,5,9,2,7,1,1,False,False,False,False,False,False,True,5,1,1.0,133.4878048780488,2,2.5
33,1,5207,1,15,15,14,2,3,2,3,2,3,3,1,12,0,1,3,28,4,5,7,1,True,False,False,True,False,False,False,1,1,0.9375,153.14705882352942,2,2.5
40,1,16437,1,21,21,7,3,3,4,4,4,3,4,1,21,0,0,2,6,2,7,7,0,False,True,False,False,False,False,True,8,1,0.9545454545454546,400.9024390243902,2,3.5
24,1,2296,0,2,1,1,3,2,1,1,2,3,3,0,14,0,3,3,21,2,0,0,0,True,False,True,False,False,False,False,1,1,1.0,91.84,1,2.25
40,1,4069,3,8,2,2,4,3,2,4,3,3,3,1,18,0,0,2,8,2,2,2,0,True,False,False,True,False,False,False,4,0,2.6666666666666665,99.2439024390244,2,3.5
45,1,7441,1,10,10,8,1,3,3,2,1,3,3,0,12,0,3,4,1,4,7,7,0,True,False,True,False,False,False,False,4,1,0.9090909090909091,161.7608695652174,3,1.75
35,0,2430,0,6,5,3,2,2,1,3,1,3,4,0,23,0,2,5,28,4,4,2,1,False,False,False,True,False,False,False,6,1,1.0,67.5,2,2.25
32,0,5878,3,12,7,1,4,2,2,2,1,3,3,0,12,0,1,2,5,2,2,5,1,True,False,False,True,False,False,False,2,1,1.5,178.12121212121212,2,2.5
36,1,2644,3,7,3,2,3,3,1,4,4,2,4,1,21,0,0,3,2,4,1,2,0,False,False,False,True,False,False,False,6,1,1.75,71.45945945945945,2,3.25
48,0,6439,8,18,8,7,3,3,2,3,3,3,3,0,14,0,1,2,16,4,7,7,0,False,False,False,True,False,False,False,5,1,2.0,131.40816326530611,3,3.0
29,1,2451,6,5,1,0,3,4,1,3,1,2,3,0,18,0,2,2,9,3,0,0,1,True,False,False,True,False,False,False,2,1,2.5,81.7,1,2.25
33,1,6392,2,8,2,2,1,3,2,1,4,1,3,0,13,0,1,6,8,4,2,2,1,False,False,False,True,False,False,False,5,1,2.6666666666666665,188.0,2,1.75
30,1,9714,1,10,10,8,2,2,2,1,4,3,3,0,11,1,1,4,1,3,6,7,1,False,False,False,True,False,False,False,5,1,0.9090909090909091,313.35483870967744,1,2.5
38,1,6077,3,10,6,3,3,3,2,3,3,3,3,0,11,0,0,2,10,4,1,2,1,False,True,False,False,False,True,False,4,2,1.4285714285714286,155.82051282051282,2,3.0
35,1,2450,1,3,3,0,4,2,1,1,2,3,3,0,19,0,0,3,1,3,1,2,0,True,False,False,False,False,False,True,1,1,0.75,68.05555555555556,2,2.5
30,1,9250,3,9,4,2,3,3,3,2,2,3,3,0,12,0,1,3,29,4,1,3,1,False,False,True,False,False,False,False,5,1,1.8,298.38709677419354,1,2.5
35,0,2074,1,1,1,0,1,3,1,1,4,3,3,1,12,1,1,2,2,3,0,0,0,True,False,False,True,False,False,False,1,1,0.5,57.611111111111114,2,2.25
53,0,10169,0,34,33,7,3,2,3,4,2,3,3,0,16,1,1,4,2,5,1,9,1,True,False,True,False,False,False,False,3,1,1.0,188.3148148148148,4,3.0
38,1,4855,4,7,5,2,3,3,2,2,1,3,3,0,11,1,2,2,2,3,1,4,1,True,False,False,False,False,False,True,3,1,1.1666666666666667,124.48717948717949,2,2.25
32,1,4087,4,9,6,5,4,3,2,1,2,2,3,0,14,0,1,3,1,4,1,2,1,True,False,True,False,False,False,False,2,0,1.2857142857142858,123.84848484848484,2,2.25
48,0,2367,8,10,8,2,3,3,1,1,4,2,3,0,12,0,1,3,15,4,7,6,1,True,False,False,False,False,False,False,2,1,1.1111111111111112,48.30612244897959,3,2.5
34,1,2972,1,1,1,0,1,3,1,4,3,1,3,0,13,0,0,4,7,4,0,0,0,True,False,False,False,False,False,True,2,1,0.5,84.91428571428571,2,2.25
55,1,19586,1,36,36,6,3,2,5,4,3,3,4,0,21,0,1,3,26,5,2,13,1,False,False,False,False,True,False,False,8,1,0.972972972972973,349.75,4,3.25
34,1,5484,9,9,2,2,2,3,2,4,2,2,3,0,17,0,1,3,1,4,2,1,1,True,False,False,True,False,False,False,2,1,3.0,156.68571428571428,2,2.5
26,0,2061,1,1,1,0,1,3,1,4,1,3,4,0,21,0,0,5,3,3,0,0,1,True,False,False,True,False,False,False,2,1,0.5,76.33333333333333,1,2.25
38,1,9924,0,10,9,8,3,3,2,2,4,3,3,0,11,0,1,3,14,3,7,7,1,False,False,False,True,False,False,False,5,1,1.0,254.46153846153845,2,3.0
38,0,4198,2,8,3,2,2,3,2,2,2,4,3,0,12,0,0,5,16,3,1,2,0,False,False,False,True,False,False,False,5,1,2.0,107.64102564102564,2,2.5
36,0,6815,6,15,1,0,2,3,2,3,1,3,3,0,13,0,0,5,1,4,0,0,0,False,False,False,True,False,False,False,5,1,7.5,184.1891891891892,2,2.25
29,1,4723,1,10,10,9,2,3,1,1,4,3,3,1,18,0,0,3,3,1,1,5,0,True,False,False,False,False,False,True,1,1,0.9090909090909091,157.43333333333334,1,2.5
35,0,6142,3,10,5,2,1,3,2,3,3,3,3,1,16,0,0,4,10,4,0,4,0,True,False,False,False,False,False,True,4,1,1.6666666666666667,170.61111111111111,2,2.5
39,1,8237,2,11,7,6,4,4,3,3,1,3,3,0,11,0,1,3,6,3,7,6,1,False,False,False,False,False,False,True,5,1,1.375,205.925,2,2.75
29,1,8853,1,6,6,4,1,3,2,4,4,4,3,0,19,0,1,0,2,1,1,3,0,True,False,False,True,False,False,False,4,2,0.8571428571428571,295.1,1,3.25
50,1,19331,4,27,1,0,3,3,5,3,3,3,3,1,16,0,1,2,9,3,0,0,1,False,False,False,False,True,False,False,8,1,13.5,379.03921568627453,3,3.0
23,1,2073,2,4,2,2,4,4,1,3,4,3,3,0,16,0,1,2,10,3,2,2,1,True,False,True,False,False,False,False,2,1,1.3333333333333333,86.375,1,3.5
36,1,5562,3,9,3,2,1,4,2,1,4,3,3,1,13,0,1,3,6,4,0,2,1,True,False,False,True,False,False,False,1,2,2.25,150.32432432432432,2,2.25
42,1,19613,8,24,1,0,4,2,5,4,4,3,4,0,22,0,0,2,9,2,0,1,0,True,False,False,False,False,False,False,8,1,12.0,456.1162790697674,3,3.75
35,1,3407,1,10,10,9,2,4,2,3,4,2,3,0,17,0,2,3,28,3,6,8,1,True,False,False,True,False,False,False,1,1,0.9090909090909091,94.63888888888889,2,2.75
34,1,5063,1,8,8,2,4,2,2,3,2,2,3,0,14,0,1,3,10,4,7,7,1,True,False,True,False,False,False,False,4,2,0.8888888888888888,144.65714285714284,2,2.75
40,0,4639,1,5,5,4,4,3,2,1,3,3,3,0,15,0,1,2,14,2,1,2,1,False,False,False,True,False,False,False,5,1,0.8333333333333334,113.14634146341463,2,2.75
43,1,4876,5,8,6,4,4,4,1,2,3,3,3,0,12,0,1,0,27,3,0,2,0,True,False,True,False,False,False,False,1,1,1.1428571428571428,110.81818181818181,3,3.0
35,1,2690,1,1,1,0,3,2,1,4,4,2,3,0,18,0,1,5,7,2,0,1,1,True,False,False,True,False,False,False,1,1,0.5,74.72222222222223,2,3.25
46,1,17567,1,27,26,0,4,4,4,1,2,1,3,0,15,0,0,5,1,4,0,12,0,False,False,False,True,False,False,False,8,1,1.0,373.7659574468085,3,2.0
28,1,2408,1,1,1,1,3,3,1,2,3,3,3,1,17,1,3,3,24,3,0,0,1,True,False,False,False,False,False,True,1,1,0.5,83.03448275862068,1,2.75
22,0,2814,1,4,4,2,2,2,1,3,2,2,3,1,14,0,0,2,26,2,1,3,1,True,False,False,False,False,False,False,2,0,0.8,122.34782608695652,1,2.25
50,1,11245,2,32,30,8,2,3,4,3,3,3,3,1,15,0,1,3,20,5,12,13,1,True,False,False,False,False,False,True,4,2,1.032258064516129,220.49019607843138,3,2.75
32,0,3312,3,6,3,2,2,4,1,4,4,3,3,0,17,0,2,3,5,4,0,2,1,True,False,False,False,False,False,False,2,1,1.5,100.36363636363636,2,3.25
44,0,19049,0,23,22,7,2,3,5,4,4,2,3,1,14,0,1,4,7,3,1,10,0,True,False,False,False,False,False,True,7,1,1.0,423.31111111111113,3,3.0
30,1,2141,1,6,6,4,2,2,1,2,2,2,3,0,12,0,1,3,7,3,1,1,1,True,False,False,False,False,False,True,2,1,0.8571428571428571,69.06451612903226,1,2.0
45,0,5769,1,10,10,7,3,1,2,1,1,3,3,1,14,0,0,3,5,5,1,4,0,True,False,False,False,False,False,True,1,1,0.9090909090909091,125.41304347826087,3,2.0
45,1,4385,1,10,10,7,1,2,2,1,1,3,3,0,15,0,1,2,26,3,4,5,1,False,False,False,False,True,False,False,5,0,0.9090909090909091,95.32608695652173,3,1.5
31,1,5332,7,10,5,2,4,3,2,1,4,3,3,0,13,0,0,3,2,4,0,3,0,False,False,False,False,False,False,False,5,2,1.6666666666666667,166.625,2,3.0
36,0,4663,9,7,3,2,3,3,2,3,2,3,3,1,12,0,2,2,12,4,1,1,1,True,False,False,True,False,False,False,3,1,1.75,126.02702702702703,2,2.75
34,1,4724,1,9,9,7,3,4,2,4,1,3,3,0,13,0,1,3,10,4,7,2,0,True,False,False,True,False,False,False,3,2,0.9,134.97142857142856,2,2.75
49,0,3211,1,10,9,6,3,3,1,1,4,2,3,0,14,0,1,3,25,4,1,4,1,True,False,False,True,False,False,False,1,1,1.0,64.22,3,2.5
39,1,5377,2,10,7,7,2,3,2,1,4,3,3,0,13,0,3,3,10,5,7,7,1,True,False,False,False,False,False,True,3,1,1.25,134.425,2,2.5
27,1,4066,1,7,7,7,4,2,1,1,1,3,3,0,11,0,2,3,19,3,0,7,0,True,False,False,False,False,False,False,1,1,0.875,145.21428571428572,1,2.25
35,1,5208,1,16,16,15,2,4,2,1,4,3,3,0,11,0,0,2,18,5,1,10,1,True,False,False,True,False,False,False,2,1,0.9411764705882353,144.66666666666666,2,2.5
28,0,4877,0,6,5,3,2,1,2,1,2,2,4,0,21,0,1,5,27,3,0,0,0,True,False,False,False,False,False,True,3,1,1.0,168.17241379310346,1,1.75
21,1,3117,1,3,2,2,3,3,1,4,3,3,3,0,18,0,0,2,5,1,2,2,0,True,False,False,False,False,False,True,2,1,1.0,141.6818181818182,1,3.25
18,0,1569,1,0,0,0,2,3,1,4,3,4,3,1,12,1,0,2,3,2,0,0,0,False,False,False,False,False,False,True,6,2,0.0,82.57894736842105,0,3.25
47,0,19658,3,27,5,2,4,3,5,3,3,3,3,0,11,0,1,2,26,4,1,0,1,False,True,False,True,False,False,False,8,1,4.5,409.5416666666667,3,3.25
39,1,3069,0,11,10,8,3,2,2,3,4,3,3,0,15,0,1,3,3,2,0,7,0,True,False,False,False,False,False,True,1,1,1.0,76.725,2,3.25
40,0,10435,1,18,18,15,1,2,3,3,4,3,3,0,13,0,2,2,15,3,14,12,1,True,False,False,True,False,False,False,3,1,0.9473684210526315,254.5121951219512,2,2.75
35,0,4148,1,15,14,11,3,3,2,3,4,3,3,0,12,0,1,5,8,4,2,9,1,True,False,False,True,False,False,False,4,0,1.0,115.22222222222223,2,3.25
37,1,5768,3,9,4,3,3,3,2,3,1,2,3,0,17,0,3,2,19,3,0,2,1,True,False,False,True,False,False,False,3,1,1.8,151.78947368421052,2,2.25
39,0,5042,0,10,9,2,1,3,2,3,4,1,3,0,13,0,0,2,4,3,3,8,0,True,False,False,False,False,False,True,3,2,1.0,126.05,2,2.25
45,0,5770,1,10,10,7,4,2,2,4,1,3,3,0,19,0,2,3,2,2,3,9,0,True,False,False,False,False,False,False,3,1,0.9090909090909091,125.43478260869566,3,3.0
38,0,7756,3,10,5,4,4,2,3,3,4,4,3,1,19,0,1,6,2,2,0,2,1,True,False,False,False,False,False,True,3,1,1.6666666666666667,198.87179487179486,2,3.75
35,1,10306,9,15,13,12,4,2,3,1,3,3,3,0,17,1,0,3,10,3,6,0,1,False,False,False,False,False,False,True,5,1,1.0714285714285714,286.27777777777777,2,2.75
37,0,3936,1,8,8,4,2,3,1,2,1,1,3,0,11,0,1,2,10,3,7,7,1,True,False,False,False,False,False,True,2,1,0.8888888888888888,103.57894736842105,2,1.5
40,0,7945,6,18,4,2,3,3,3,4,4,2,3,1,15,0,0,2,16,3,3,3,0,True,False,False,True,False,False,False,3,1,3.6,193.78048780487805,2,3.25
44,1,5743,4,14,10,7,1,3,2,4,3,3,3,1,11,0,0,3,1,5,0,2,1,False,True,False,False,False,True,False,4,2,1.2727272727272727,127.62222222222222,3,2.75
48,1,15202,2,23,2,2,3,2,4,4,2,3,4,0,25,0,1,3,4,5,2,2,1,True,False,False,False,False,False,True,8,2,7.666666666666667,310.2448979591837,3,3.0
35,1,5440,6,7,2,2,1,1,2,4,4,2,3,1,14,1,2,2,15,2,2,2,0,False,False,False,False,False,False,True,5,1,2.3333333333333335,151.11111111111111,2,2.75
24,0,3760,1,6,6,3,1,3,1,4,3,3,3,1,13,0,0,2,2,1,1,3,0,True,False,True,False,False,False,False,2,2,0.8571428571428571,150.4,1,2.75
27,0,3517,7,5,3,2,2,4,1,3,1,3,3,0,17,0,0,0,8,3,0,2,1,True,False,False,False,False,False,True,2,1,1.25,125.60714285714286,1,2.25
27,1,2580,2,6,4,2,4,3,1,4,3,2,3,0,13,0,0,0,2,3,1,2,0,True,False,False,False,False,False,True,2,2,1.2,92.14285714285714,1,3.25
40,1,2166,3,10,4,2,1,3,1,1,2,1,3,1,14,1,0,3,7,3,0,3,0,True,False,False,True,False,False,False,1,1,2.0,52.829268292682926,2,1.25
29,1,5869,9,8,5,2,3,2,2,3,3,3,3,0,11,0,0,2,10,3,1,4,0,False,False,False,False,False,False,True,5,1,1.3333333333333333,195.63333333333333,1,3.0
36,0,8008,4,9,3,2,2,3,3,1,3,3,3,0,12,0,2,6,5,4,0,2,1,True,False,False,True,False,False,False,4,1,2.25,216.43243243243242,2,2.25
25,1,5206,1,7,7,7,4,4,2,3,3,3,3,0,17,0,2,6,2,1,0,7,0,True,False,False,True,False,False,False,3,2,0.875,200.23076923076923,1,3.25
39,1,5295,4,7,5,4,4,3,2,2,3,3,4,0,21,0,0,3,12,3,1,0,1,True,False,False,False,False,False,True,3,1,1.1666666666666667,132.375,2,3.0
49,0,16413,3,27,4,2,1,3,4,2,2,3,3,0,16,0,2,2,22,4,1,2,1,True,False,False,False,False,False,False,7,1,5.4,328.26,3,2.0
50,0,13269,5,19,14,11,4,2,3,1,3,3,3,0,15,0,3,3,17,5,1,11,0,True,False,False,True,False,False,False,7,1,1.2666666666666666,260.1764705882353,3,2.75
20,0,2783,1,2,2,2,3,3,1,3,1,3,3,0,19,0,0,3,2,3,2,2,0,False,False,False,False,False,False,True,6,1,0.6666666666666666,132.52380952380952,0,2.5
34,0,5433,1,11,11,8,4,3,2,2,3,3,3,0,12,0,1,2,3,3,7,9,0,True,False,False,True,False,False,False,2,1,0.9166666666666666,155.22857142857143,2,3.0
36,1,2013,2,15,4,3,1,3,1,2,3,3,3,0,11,0,0,4,7,3,1,3,0,True,False,False,True,False,False,False,1,1,3.0,54.4054054054054,2,2.25
49,0,13966,2,30,15,11,3,2,4,3,2,3,3,1,19,0,1,3,6,1,2,12,1,True,False,False,True,False,False,False,4,1,1.875,279.32,3,2.75
36,0,4374,0,4,3,2,4,2,2,3,3,3,3,0,15,0,0,6,1,4,1,2,1,True,False,False,False,False,False,True,3,0,1.0,118.21621621621621,2,3.25
36,1,6842,6,13,5,4,4,4,2,1,1,3,4,0,20,0,1,3,3,2,0,4,0,True,False,False,True,False,False,False,4,1,2.1666666666666665,184.9189189189189,2,2.25
54,0,17426,3,36,10,8,2,3,4,3,3,3,4,0,25,0,1,6,22,5,4,7,1,True,False,False,False,False,False,True,8,1,3.272727272727273,316.8363636363636,4,2.75
43,1,17603,1,14,14,10,3,2,4,3,1,3,4,0,24,0,1,3,15,2,6,11,1,True,False,False,True,False,False,False,7,1,0.9333333333333333,400.0681818181818,3,2.5
35,1,4581,3,13,11,9,4,3,2,4,1,4,4,1,24,1,0,2,12,4,6,7,0,False,False,False,False,False,False,False,5,2,1.0833333333333333,127.25,2,3.25
38,1,4735,7,19,13,11,4,3,2,4,4,4,3,0,15,0,2,4,1,3,2,9,1,True,False,False,True,False,False,False,2,2,1.3571428571428572,121.41025641025641,2,4.0
29,1,4187,1,10,10,0,1,2,2,2,2,2,3,1,13,0,1,3,5,3,0,9,0,False,False,False,False,False,False,True,5,1,0.9090909090909091,139.56666666666666,1,1.75
33,1,5505,1,6,6,2,4,3,2,4,3,3,3,0,14,0,2,5,2,4,0,4,0,False,False,False,False,False,False,True,5,1,0.8571428571428571,161.91176470588235,2,3.5
32,1,5470,0,10,9,5,4,3,2,2,3,2,3,0,13,0,2,4,2,3,1,6,0,True,False,False,False,False,False,True,2,1,1.0,165.75757575757575,2,2.75
31,0,5476,1,10,10,0,1,3,2,4,1,3,3,0,11,0,2,2,5,4,0,2,1,False,False,False,True,False,False,False,5,1,0.9090909090909091,171.125,2,2.25
49,0,2587,4,17,2,2,4,3,1,1,2,2,3,1,16,0,1,2,16,3,2,2,0,True,False,False,False,False,False,True,1,1,5.666666666666667,51.74,3,2.25
38,0,2440,1,4,4,3,4,2,1,2,2,3,4,0,22,0,0,3,2,3,3,3,0,True,False,False,False,False,False,True,1,2,0.8,62.56410256410256,2,2.75
47,0,15972,6,29,3,2,2,4,4,2,3,3,3,0,14,0,3,2,2,4,1,2,0,False,False,False,True,False,False,False,8,1,7.25,332.75,3,2.5
49,1,15379,4,23,8,7,3,3,4,3,1,3,3,0,14,0,0,2,1,3,0,0,0,True,False,False,True,False,False,False,8,1,2.5555555555555554,307.58,3,2.5
41,1,7082,3,21,2,0,4,3,3,3,4,3,3,1,16,0,0,2,23,2,0,2,0,False,False,False,True,False,False,False,5,1,7.0,168.61904761904762,3,3.5
20,1,2728,1,2,2,2,4,3,1,1,1,3,3,0,11,0,0,3,9,1,0,2,0,False,False,False,True,False,False,False,6,1,0.6666666666666666,129.9047619047619,0,2.25
33,0,5368,1,7,6,5,3,3,2,4,3,3,4,1,25,0,1,2,16,3,1,2,0,False,False,False,True,False,False,False,5,0,1.0,157.88235294117646,2,3.25
36,1,5347,6,10,3,2,1,3,2,3,2,2,3,0,14,0,2,2,26,4,0,2,1,True,False,False,True,False,False,False,4,1,2.5,144.51351351351352,2,2.0
44,0,3195,4,8,2,2,3,3,1,4,1,3,3,1,18,0,3,2,1,3,2,2,0,False,True,False,True,False,False,False,4,1,2.6666666666666665,71.0,3,2.75
23,1,3989,1,5,5,4,4,2,1,3,1,3,3,1,11,1,0,2,8,1,1,2,0,True,False,False,False,False,False,True,1,1,0.8333333333333334,166.20833333333334,1,2.75
38,0,3306,7,7,0,0,4,3,1,3,4,2,3,0,19,0,1,5,4,2,0,0,1,True,False,False,False,False,False,True,1,1,7.0,84.76923076923077,2,3.25
53,1,7005,3,11,4,3,2,4,3,4,3,3,3,0,15,0,0,2,24,4,1,2,1,True,False,False,False,False,False,True,4,1,2.2,129.72222222222223,4,3.0
48,0,2655,2,19,9,7,4,3,1,3,3,3,3,1,11,1,2,3,7,2,7,7,1,False,False,False,False,False,False,True,6,2,1.9,54.183673469387756,3,3.25
32,1,1393,1,1,1,0,4,3,1,2,1,3,3,0,12,1,0,2,2,4,0,0,0,True,False,False,True,False,False,False,1,1,0.5,42.21212121212121,2,2.5
26,1,2570,1,7,7,7,4,3,1,4,3,3,4,0,20,0,0,5,7,3,5,7,0,True,False,False,False,False,False,True,1,0,0.875,95.18518518518519,1,3.5
55,1,3537,5,8,4,2,1,2,1,2,4,3,3,0,12,0,1,1,22,3,1,2,0,True,False,True,False,False,False,False,2,1,1.6,63.160714285714285,4,2.5
34,1,3986,1,15,15,10,2,2,2,4,3,4,3,0,14,0,1,3,5,2,4,13,1,True,False,False,False,False,False,True,1,1,0.9375,113.88571428571429,2,3.25
60,1,10883,3,19,1,0,3,1,3,4,3,4,4,0,20,0,1,2,1,4,0,0,0,True,False,False,False,False,False,True,4,1,9.5,178.40983606557376,4,3.5
33,1,2028,1,14,14,11,2,4,1,2,4,3,3,0,18,0,3,6,21,3,2,13,1,True,False,False,False,False,False,True,1,1,0.9333333333333333,59.64705882352941,2,2.75
37,1,9525,1,6,6,3,3,1,2,4,3,2,3,0,14,0,2,2,1,4,1,3,0,False,False,False,False,False,False,True,5,2,0.8571428571428571,250.6578947368421,2,3.0
34,0,2929,1,10,10,9,2,2,1,4,2,3,3,0,12,0,0,3,19,3,8,7,1,True,False,False,True,False,False,False,2,1,0.9090909090909091,83.68571428571428,2,2.75
23,1,2275,1,3,3,2,3,3,1,4,2,3,4,1,21,1,1,2,7,3,0,2,0,False,False,False,True,False,False,False,6,1,0.75,94.79166666666667,1,3.0
44,0,7879,1,9,8,7,3,4,3,4,2,3,3,1,19,0,1,2,2,3,6,7,1,True,False,False,True,False,False,False,4,1,1.0,175.0888888888889,3,3.0
35,1,4930,0,6,5,4,1,2,1,4,3,4,3,1,14,0,0,2,2,4,1,4,0,True,False,False,False,False,False,True,2,2,1.0,136.94444444444446,2,3.0
43,1,7847,1,10,10,9,4,3,2,4,1,3,3,1,17,0,1,3,2,3,8,8,1,False,False,False,False,False,False,True,5,1,0.9090909090909091,178.3409090909091,3,3.0
24,1,4401,1,5,5,3,3,4,1,3,4,3,3,0,16,0,1,1,9,3,0,4,1,True,False,False,False,False,False,True,2,1,0.8333333333333334,176.04,1,3.25
41,1,9241,1,10,10,8,4,3,3,3,2,3,3,0,12,0,0,3,6,3,8,7,0,False,False,False,False,True,False,False,5,1,0.9090909090909091,220.02380952380952,3,3.0
29,0,2974,9,9,5,3,4,3,1,3,3,3,3,0,17,0,1,2,9,4,1,2,1,True,False,False,False,False,False,True,1,1,1.5,99.13333333333334,1,3.25
36,0,4502,3,17,13,7,3,3,2,4,3,2,3,0,15,0,0,2,2,4,6,7,0,False,False,False,True,False,False,False,6,1,1.2142857142857142,121.67567567567568,2,3.0
45,1,10748,3,25,23,15,3,2,3,3,4,2,4,0,23,0,1,3,1,1,14,4,1,True,False,False,True,False,False,False,4,0,1.0416666666666667,233.65217391304347,3,3.0
24,1,1555,1,1,1,0,4,1,1,3,3,3,3,0,11,1,1,2,22,1,0,0,1,False,True,False,False,False,True,False,4,1,0.5,62.2,1,3.25
47,1,12936,7,25,23,5,3,1,4,3,3,1,3,0,11,1,0,3,9,3,14,10,1,False,False,False,True,False,False,False,5,2,1.0416666666666667,269.5,3,2.5
26,1,2305,1,3,3,2,4,1,1,3,3,4,3,0,15,0,3,3,17,4,0,2,1,True,False,False,False,False,False,True,1,1,0.75,85.37037037037037,1,3.5
45,0,16704,1,21,21,6,4,2,4,2,3,3,3,0,11,0,0,2,28,2,8,6,0,True,False,True,False,False,False,False,7,1,0.9545454545454546,363.1304347826087,3,3.0
32,1,3433,6,10,5,2,1,3,1,3,1,2,3,0,13,0,1,3,10,3,1,3,1,True,False,False,True,False,False,False,2,2,1.6666666666666667,104.03030303030303,2,1.75
31,1,3477,1,6,5,2,2,3,1,3,4,4,3,0,14,0,1,2,2,4,0,3,1,True,False,False,True,False,False,False,1,1,1.0,108.65625,2,3.25
41,1,6430,6,10,3,2,3,1,2,2,2,3,3,0,19,0,1,4,4,3,1,2,1,False,True,False,False,False,True,False,4,0,2.5,153.0952380952381,3,2.5
40,0,6516,2,18,1,0,2,3,2,1,2,3,3,1,16,0,1,3,8,2,0,0,1,True,False,False,True,False,False,False,3,1,9.0,158.9268292682927,2,2.0
24,1,3907,1,6,6,2,2,3,1,1,2,4,3,0,13,0,3,2,29,1,1,2,0,True,False,False,False,False,False,True,1,1,0.8571428571428571,156.28,1,2.25
46,1,5562,6,19,10,7,3,3,2,2,4,3,3,0,14,0,0,3,13,4,0,9,0,True,False,False,True,False,False,False,4,1,1.7272727272727273,118.34042553191489,3,3.0
35,1,6883,2,17,7,7,4,3,2,3,2,3,3,0,16,0,1,3,27,4,0,7,1,True,False,False,True,False,False,False,3,1,2.125,191.19444444444446,2,3.0
30,1,2862,1,10,10,0,2,3,1,4,2,2,3,0,12,0,1,2,16,1,0,8,1,True,False,False,True,False,False,False,2,1,0.9090909090909091,92.3225806451613,1,2.5
47,1,4978,7,4,1,0,3,3,2,2,4,1,3,0,11,0,1,3,2,4,0,0,1,False,False,False,False,True,False,False,5,0,2.0,103.70833333333333,3,2.5
46,1,10368,4,13,10,6,3,3,3,4,2,2,3,1,12,0,1,5,2,3,0,3,0,False,False,False,True,False,False,False,5,1,1.1818181818181819,220.59574468085106,3,2.75
36,1,6134,5,16,2,2,2,2,2,1,2,3,3,1,13,1,3,3,13,5,2,2,0,False,False,False,False,True,False,False,5,1,5.333333333333333,165.78378378378378,2,2.0
32,1,6735,6,10,0,0,1,1,2,2,2,3,3,0,15,1,0,2,1,2,0,0,0,False,False,False,True,False,False,False,5,1,10.0,204.0909090909091,2,2.0
23,0,3295,1,3,3,2,3,3,1,2,3,1,3,0,13,0,0,3,4,1,1,2,0,True,False,False,False,False,False,True,1,1,0.75,137.29166666666666,1,2.25
31,0,5238,2,9,5,4,4,3,2,4,4,2,4,0,20,0,0,3,24,1,1,4,0,True,False,True,False,False,False,False,3,2,1.5,163.6875,2,3.5
39,1,6472,1,9,9,8,4,3,2,4,4,3,3,1,15,0,1,2,1,3,5,8,1,True,False,False,True,False,False,False,1,0,0.9,161.8,2,3.75
32,1,9610,3,10,4,3,4,1,3,3,3,1,3,0,13,0,1,2,19,3,0,2,1,False,False,False,True,False,False,False,5,1,2.0,291.2121212121212,2,2.75
40,1,19833,1,21,21,8,2,3,5,2,2,2,3,0,14,0,0,3,7,4,12,8,0,False,False,False,False,False,False,True,8,1,0.9545454545454546,483.7317073170732,2,2.0
45,0,9756,4,9,5,0,3,1,3,3,3,4,4,0,21,0,2,2,4,3,0,3,1,False,True,False,True,False,False,False,4,1,1.5,212.08695652173913,3,3.25
30,0,4968,0,10,9,7,4,2,1,1,4,3,3,0,16,0,0,2,2,4,0,7,0,True,False,True,False,False,False,False,2,2,1.0,160.25806451612902,1,3.0
24,1,2145,0,3,2,2,1,3,1,4,4,3,3,0,14,0,1,2,10,3,2,1,1,False,True,False,False,False,False,True,4,2,1.0,85.8,1,3.0
30,0,2180,6,6,4,2,3,2,1,4,3,2,3,0,11,1,1,0,8,3,1,2,0,False,True,False,False,False,True,False,4,2,1.2,70.3225806451613,1,3.0
31,1,8346,1,6,5,2,1,3,2,3,3,3,3,0,19,0,1,3,5,3,0,2,1,False,False,True,False,False,False,False,5,1,1.0,260.8125,2,2.5
27,0,3445,1,6,6,2,3,3,1,4,3,2,3,0,11,0,0,5,8,3,1,4,0,True,False,False,False,False,False,True,2,1,0.8571428571428571,123.03571428571429,1,3.0
29,0,2760,1,2,2,2,2,1,1,2,3,3,3,0,13,1,0,3,9,3,2,2,0,False,False,False,False,True,False,False,6,1,0.6666666666666666,92.0,1,2.5
29,1,6294,8,10,3,2,4,4,2,3,4,4,3,1,12,0,0,5,1,3,0,2,0,True,False,False,True,False,False,False,4,2,2.5,209.8,1,3.75
30,1,7140,2,12,7,7,3,2,3,1,1,3,3,0,11,0,1,2,15,2,1,7,0,False,False,False,False,True,False,False,5,1,1.5,230.32258064516128,1,2.0
34,1,2932,0,6,5,0,4,4,1,4,1,3,3,1,14,0,3,3,2,4,1,2,1,True,False,False,False,False,False,True,2,1,1.0,83.77142857142857,2,3.0
33,0,5147,8,13,11,7,4,3,2,2,4,2,3,0,15,0,0,2,2,3,1,7,0,False,False,False,False,True,False,False,5,0,1.0833333333333333,151.38235294117646,2,3.0
49,0,4507,3,8,5,1,4,3,2,4,3,4,3,0,12,0,0,1,11,4,0,4,0,False,False,False,False,True,False,False,5,1,1.3333333333333333,90.14,3,3.75
33,0,8564,2,11,0,0,1,3,3,1,3,2,4,1,20,1,0,2,16,3,0,0,0,False,False,False,True,False,False,False,5,1,11.0,251.88235294117646,2,1.75
38,0,2468,4,9,6,1,3,2,1,2,2,2,3,0,14,0,1,4,2,2,0,5,1,True,False,False,False,False,False,True,1,2,1.2857142857142858,63.282051282051285,2,2.25
31,1,8161,2,10,1,0,1,3,3,3,1,3,3,0,13,1,3,2,16,4,0,0,1,False,False,False,False,True,False,False,5,1,5.0,255.03125,2,2.0
29,0,2109,1,1,1,0,4,2,1,1,3,3,3,0,13,0,1,2,4,3,0,0,0,True,False,True,False,False,False,False,2,1,0.5,70.3,1,2.75
30,1,5294,3,10,7,0,3,4,2,3,3,3,3,0,16,0,1,3,16,3,1,7,1,True,False,False,True,False,False,False,4,1,1.25,170.7741935483871,1,3.0
32,1,2718,2,12,7,7,2,3,1,2,2,3,3,0,14,0,0,3,5,4,0,7,0,True,False,True,False,False,False,False,2,0,1.5,82.36363636363636,2,2.25
38,1,5811,3,15,1,0,2,1,2,4,3,3,3,1,16,0,1,2,18,3,1,0,1,True,False,False,False,False,False,True,4,1,7.5,149.0,2,3.0
43,1,2437,9,6,1,0,3,2,1,3,4,3,3,1,16,1,1,4,17,3,0,0,1,True,False,True,False,False,False,False,2,2,3.0,55.38636363636363,3,3.25
42,1,2766,8,7,5,3,2,3,1,2,2,2,4,0,22,0,3,6,12,3,0,4,0,True,False,False,False,False,False,True,1,1,1.1666666666666667,64.32558139534883,3,2.0
55,1,19038,8,34,1,0,3,2,5,1,2,3,3,0,12,0,3,2,2,3,0,0,1,True,False,False,False,False,False,True,7,1,17.0,339.9642857142857,4,2.25
33,1,3055,5,11,9,8,4,3,2,2,4,2,3,0,15,0,2,2,4,3,1,7,0,True,False,True,False,False,False,False,2,0,1.1,89.8529411764706,2,3.0
41,1,2289,1,5,5,3,3,3,1,1,2,3,4,0,20,0,2,2,9,4,0,4,0,True,False,False,True,False,False,False,1,1,0.8333333333333334,54.5,3,2.25
34,1,4001,1,15,15,14,4,3,2,3,3,3,3,1,14,0,1,3,10,3,0,7,0,False,False,False,True,False,False,False,5,0,0.9375,114.31428571428572,2,3.25
53,0,12965,4,27,3,2,1,2,4,3,4,2,4,1,20,0,3,2,1,4,0,2,1,True,False,False,False,False,False,True,3,0,6.75,240.09259259259258,4,2.5
43,1,3539,0,10,9,7,2,3,1,4,2,3,3,0,13,0,0,5,2,3,1,8,0,False,True,False,True,False,False,False,4,1,1.0,80.43181818181819,3,2.75
34,0,6029,5,6,2,2,4,1,2,4,1,3,3,0,12,0,0,3,3,2,2,2,0,False,False,False,True,False,False,False,5,1,2.0,172.25714285714287,2,3.0
21,1,2679,1,1,1,0,2,3,1,2,2,3,3,0,13,1,0,3,7,1,1,0,0,False,False,False,False,True,False,False,6,1,0.5,121.77272727272727,1,2.25
38,0,3702,1,5,5,4,4,2,1,3,2,3,3,0,11,0,1,3,6,2,0,4,1,True,False,False,False,False,False,False,1,1,0.8333333333333334,94.92307692307692,2,3.0
22,0,2398,1,1,1,0,3,3,1,1,3,3,3,1,17,1,0,6,8,1,0,0,1,True,False,False,False,False,False,True,1,1,0.5,104.26086956521739,1,2.5
31,0,5468,1,13,12,7,1,2,2,4,1,3,3,0,14,0,2,3,29,4,5,7,1,False,False,False,False,True,False,False,5,1,1.0,170.875,2,2.25
51,0,13116,2,15,2,2,1,3,3,3,4,3,3,0,11,0,0,2,3,3,2,2,1,True,False,True,False,False,False,False,8,1,5.0,252.23076923076923,4,2.75
37,1,4189,1,5,5,2,2,2,2,2,1,3,3,0,14,0,2,2,9,2,0,3,1,False,False,False,False,True,False,False,5,1,0.8333333333333334,110.23684210526316,2,2.0
46,1,19328,7,24,2,1,3,3,5,4,3,3,3,1,17,0,1,3,2,4,2,2,0,True,False,False,False,False,False,True,7,1,8.0,411.2340425531915,3,3.25
36,1,8321,7,15,12,8,4,3,3,1,4,3,3,1,13,0,1,1,10,3,5,7,1,True,False,False,True,False,False,False,4,1,1.1538461538461537,224.8918918918919,2,3.0
44,1,2342,1,6,5,3,3,3,1,2,3,2,3,1,12,1,3,2,1,2,2,3,0,True,False,False,False,False,False,True,2,2,1.0,52.044444444444444,3,2.5
37,1,4071,2,19,10,0,3,3,2,2,3,2,3,0,13,0,0,4,8,2,4,7,0,False,True,False,False,False,False,False,4,1,1.7272727272727273,107.13157894736842,2,2.5
35,1,5813,1,10,10,7,3,3,2,4,4,3,3,1,18,1,0,2,27,3,7,7,0,False,False,False,True,False,False,False,5,1,0.9090909090909091,161.47222222222223,2,3.5
33,1,3143,6,14,10,8,4,4,1,1,2,3,3,0,19,0,1,1,8,4,7,6,1,True,False,False,True,False,False,False,2,1,1.2727272727272727,92.44117647058823,2,2.5
28,1,2044,1,5,5,3,3,3,1,4,3,4,3,0,11,0,1,6,1,3,0,3,1,True,False,False,True,False,False,False,2,1,0.8333333333333334,70.48275862068965,1,3.5
39,1,13464,7,9,4,3,3,3,3,3,3,3,4,0,21,0,0,3,10,1,2,2,0,True,False,False,False,False,False,True,7,1,1.8,336.6,2,3.0
46,1,7991,8,6,2,2,2,2,2,2,3,3,3,0,15,0,0,3,26,2,2,2,0,False,False,False,True,False,False,False,5,0,2.0,170.0212765957447,3,2.5
40,0,3377,4,7,4,3,3,3,1,1,4,2,3,0,17,0,1,5,2,2,0,2,1,True,False,False,True,False,False,False,1,1,1.4,82.36585365853658,2,2.5
42,1,5538,5,10,0,0,2,4,2,1,3,2,3,0,18,0,2,2,13,3,0,0,1,True,False,False,False,False,False,True,4,1,10.0,128.7906976744186,3,2.0
35,1,5762,2,15,7,7,2,3,2,4,3,3,3,0,14,0,1,6,2,2,1,7,0,True,False,False,False,False,False,True,3,0,1.875,160.05555555555554,2,3.0
38,1,2592,5,13,11,10,1,3,1,2,4,3,3,0,13,0,3,3,2,3,3,8,0,False,True,False,False,False,True,False,4,0,1.0833333333333333,66.46153846153847,2,2.5
34,1,5346,4,11,7,1,4,3,2,1,3,2,3,0,17,1,1,3,9,4,0,7,1,True,False,False,True,False,False,False,1,2,1.375,152.74285714285713,2,2.5
37,1,4213,1,10,10,3,4,3,2,1,2,1,3,0,15,1,0,4,10,4,0,8,0,True,False,False,False,False,False,True,3,1,0.9090909090909091,110.86842105263158,2,2.0
39,1,4127,2,7,2,1,3,3,2,4,4,3,3,0,18,0,1,6,20,3,2,2,0,False,False,False,True,False,False,False,5,2,2.3333333333333335,103.175,2,3.5
43,1,2438,4,7,3,2,1,3,1,3,3,2,3,0,13,0,0,2,9,3,1,2,0,True,False,False,True,False,False,False,2,0,1.75,55.40909090909091,3,2.25
41,1,6870,3,11,3,2,2,4,2,2,1,1,3,0,12,0,0,3,5,3,1,2,0,True,False,False,True,False,False,False,4,1,2.75,163.57142857142858,3,1.5
41,0,10447,0,23,22,14,3,3,3,3,4,4,3,1,13,0,1,3,4,1,13,5,0,False,False,False,False,True,False,False,5,1,1.0,248.73809523809524,3,3.5
30,0,9667,9,9,7,7,1,3,3,3,2,3,3,0,14,0,0,3,10,3,0,2,0,True,False,False,False,False,False,True,3,1,1.125,311.83870967741933,1,2.25
26,0,2148,0,6,5,1,4,3,1,2,3,3,3,1,11,1,0,3,20,2,1,4,1,False,True,False,False,False,False,True,4,1,1.0,79.55555555555556,1,3.0
46,0,8926,4,13,9,7,4,3,2,2,4,4,4,0,22,1,1,2,21,2,3,7,1,True,False,False,False,False,False,True,4,1,1.3,189.91489361702128,3,3.5
40,0,6513,4,12,5,3,3,3,2,4,4,3,3,0,17,0,1,3,1,3,0,3,0,True,False,False,True,False,False,False,4,1,2.0,158.85365853658536,2,3.5
34,1,6799,1,10,10,8,2,4,2,3,3,3,4,0,21,0,2,5,8,2,4,8,1,False,False,True,False,False,False,False,5,1,0.9090909090909091,194.25714285714287,2,2.75
58,1,16291,4,37,16,9,2,3,4,2,4,2,4,0,22,0,1,0,2,3,14,14,0,False,False,False,False,False,False,True,8,0,2.176470588235294,276.1186440677966,4,2.5
35,1,2705,0,6,5,4,2,1,1,3,2,4,3,0,16,0,1,2,23,4,0,3,1,True,False,False,False,False,False,True,1,1,1.0,75.13888888888889,2,2.75
47,0,10333,8,28,22,11,3,2,3,2,3,3,3,1,12,0,1,4,4,3,14,10,0,True,False,False,True,False,False,False,3,1,1.2173913043478262,215.27083333333334,3,2.75
40,0,4448,2,15,7,4,2,3,2,1,2,3,3,0,12,0,1,3,12,3,7,7,0,True,False,False,True,False,False,False,4,1,1.875,108.48780487804878,2,2.0
54,0,6854,4,14,7,1,4,3,2,4,2,2,3,0,15,0,1,2,7,4,1,7,1,True,False,False,False,False,False,True,2,1,1.75,124.61818181818182,4,3.0
31,0,9637,2,9,3,2,1,3,3,1,4,3,3,0,14,0,2,3,7,4,2,2,1,False,False,False,False,True,False,False,5,2,2.25,301.15625,2,2.25
28,0,3591,1,3,3,2,3,3,1,1,3,3,4,0,25,0,1,3,1,3,1,2,1,True,False,False,False,False,False,True,2,1,0.75,123.82758620689656,1,2.5
38,0,5405,2,20,4,2,2,1,2,4,1,2,4,1,20,0,2,4,2,4,0,3,1,False,False,False,False,True,False,False,6,1,4.0,138.5897435897436,2,2.25
26,1,4684,1,5,5,3,3,3,2,4,1,3,3,0,13,0,0,4,10,3,1,2,0,False,False,False,False,False,False,True,5,1,0.8333333333333334,173.4814814814815,1,2.75
58,1,15787,2,23,2,2,1,3,4,3,2,3,3,1,14,0,0,3,15,4,2,2,1,True,False,False,True,False,False,False,7,2,7.666666666666667,267.5762711864407,4,2.25
18,0,1514,1,0,0,0,2,3,1,3,3,1,3,0,16,0,0,4,14,3,0,0,0,True,False,False,False,False,False,True,2,0,0.0,79.6842105263158,0,2.25
31,1,2956,0,2,1,0,4,4,1,1,3,3,3,0,17,1,0,4,18,5,0,0,1,False,True,False,False,False,True,False,4,1,1.0,92.375,2,2.75
29,1,2335,4,4,2,2,1,2,1,1,4,3,3,1,15,1,3,3,13,3,2,0,0,False,True,False,False,False,True,False,4,1,1.3333333333333333,77.83333333333333,1,2.25
45,0,5154,4,10,8,7,3,3,2,3,2,4,4,0,22,0,2,3,2,4,5,7,1,False,False,False,True,False,False,False,5,0,1.1111111111111112,112.04347826086956,3,3.0
36,0,6962,4,15,1,0,4,3,2,2,4,3,4,1,22,0,1,2,2,4,0,0,1,True,False,False,False,False,False,False,2,1,7.5,188.16216216216216,2,3.25
43,1,5675,1,7,7,7,1,3,2,4,3,3,4,0,20,0,1,5,2,4,7,7,1,False,False,False,True,False,False,False,5,2,0.875,128.97727272727272,3,2.75
27,0,2379,0,6,5,4,4,3,1,4,3,2,3,1,14,0,0,3,5,2,0,2,0,True,False,False,True,False,False,False,1,2,1.0,84.96428571428571,1,3.25
29,1,3812,1,11,11,8,4,3,1,4,2,4,3,0,13,0,0,3,20,1,3,10,1,True,False,False,False,False,False,True,1,2,0.9166666666666666,127.06666666666666,1,3.5
32,1,4648,8,4,0,0,4,3,2,4,3,4,3,0,13,0,0,2,10,4,0,0,0,False,False,False,False,True,False,False,5,2,4.0,140.84848484848484,2,3.75
42,1,2936,3,10,6,3,3,3,1,3,2,2,4,0,22,0,2,1,10,4,3,3,1,True,False,True,False,False,False,False,2,0,1.4285714285714286,68.27906976744185,3,2.5
47,0,2105,4,7,2,2,2,3,1,3,3,3,3,0,12,0,0,2,9,4,2,0,0,True,False,False,True,False,False,False,1,1,2.3333333333333335,43.854166666666664,3,2.75
46,1,8578,3,12,9,8,4,3,3,4,3,2,3,0,14,0,1,4,2,2,4,7,0,True,False,False,True,False,False,False,3,1,1.2,182.51063829787233,3,3.25
28,1,2706,1,3,3,2,3,3,1,4,2,3,3,0,15,0,1,2,1,2,2,2,0,False,True,False,True,False,False,False,4,0,0.75,93.3103448275862,1,3.0
29,1,6384,8,11,7,0,4,1,2,3,4,3,3,0,17,0,2,3,29,1,1,6,0,True,False,False,True,False,False,False,4,1,1.375,212.8,1,3.5
42,1,3968,4,8,0,0,4,3,1,3,4,3,3,0,13,0,0,3,8,3,0,0,0,True,False,False,True,False,False,False,1,1,8.0,92.27906976744185,3,3.5
32,1,9907,7,7,2,2,3,2,2,2,3,2,3,1,12,1,0,3,2,4,2,2,0,False,False,False,False,True,False,False,5,1,2.3333333333333335,300.2121212121212,2,2.5
46,0,13225,2,25,19,17,1,4,4,1,4,3,3,0,12,0,1,5,3,3,2,8,0,False,False,True,False,False,False,False,5,1,1.25,281.3829787234043,3,2.25
27,0,3540,1,9,9,8,2,2,2,3,4,3,4,0,21,0,1,5,23,1,5,8,1,False,False,False,False,False,False,True,6,1,0.9,126.42857142857143,1,3.0
29,1,2804,1,1,1,0,4,2,1,2,4,3,3,0,11,0,0,3,6,1,0,0,1,False,True,False,False,False,False,True,4,1,0.5,93.46666666666667,1,3.25
43,0,19392,7,21,16,12,1,2,5,3,4,3,3,0,13,0,0,2,6,3,6,14,1,True,False,False,False,False,False,True,8,1,1.2352941176470589,440.72727272727275,3,2.75
48,1,19665,4,29,22,10,4,2,5,2,4,3,3,0,12,0,0,3,10,3,12,9,1,True,False,False,True,False,False,False,7,1,1.2608695652173914,401.3265306122449,3,3.25
29,1,2439,1,1,1,0,4,2,1,4,2,2,4,1,24,1,0,3,24,2,1,0,0,True,False,False,True,False,False,False,2,2,0.5,81.3,1,3.0
46,0,7314,5,14,8,7,3,3,3,2,3,3,4,0,21,1,3,2,10,3,0,7,1,False,False,False,True,False,False,False,5,1,1.5555555555555556,155.61702127659575,3,2.75
27,0,4774,0,8,7,6,4,2,1,1,4,2,3,0,19,0,1,2,15,3,7,3,1,True,False,False,True,False,False,False,2,2,1.0,170.5,1,2.75
39,1,3902,8,7,2,2,4,3,2,4,2,3,3,0,14,0,3,2,19,4,2,2,0,True,False,False,False,False,False,False,2,1,2.3333333333333335,97.55,2,3.25
55,1,2662,8,19,5,2,2,2,1,4,2,4,4,0,20,0,1,2,2,4,0,4,1,True,False,True,False,False,False,False,2,1,3.1666666666666665,47.535714285714285,4,3.0
28,0,2856,1,1,1,0,2,3,1,2,4,3,3,0,19,0,1,3,3,3,0,0,1,False,False,False,False,False,False,True,6,1,0.5,98.48275862068965,1,2.75
30,1,1081,1,1,1,0,2,3,1,4,3,2,3,0,13,1,0,3,9,3,0,0,0,False,False,False,False,False,False,True,6,1,0.5,34.87096774193548,1,2.75
22,1,2472,1,1,1,0,4,3,1,2,1,3,4,1,23,1,0,2,7,1,0,0,0,True,False,False,True,False,False,False,2,1,0.5,107.47826086956522,1,2.5
36,0,5673,1,10,10,9,2,2,2,3,1,3,3,1,13,0,1,4,10,4,1,7,1,False,False,True,False,False,False,False,5,1,0.9090909090909091,153.32432432432432,2,2.25
31,1,4197,1,10,10,8,2,3,2,3,1,3,3,0,11,0,1,2,20,3,0,2,0,True,False,False,True,False,False,False,1,1,0.9090909090909091,131.15625,2,2.25
34,1,9713,2,9,5,3,3,3,3,4,4,3,3,1,13,0,3,3,4,3,1,0,1,False,False,False,True,False,False,False,5,1,1.5,277.51428571428573,2,3.5
29,1,2062,3,11,3,2,4,3,1,1,2,3,3,0,14,0,0,2,7,3,1,2,0,True,False,False,True,False,False,False,1,1,2.75,68.73333333333333,1,2.5
37,1,4284,5,16,5,3,4,3,2,1,3,3,4,1,22,0,1,2,7,4,0,4,1,True,False,False,False,False,False,True,2,1,2.6666666666666665,112.73684210526316,2,2.75
35,0,4788,0,4,3,2,4,2,2,2,4,3,3,1,11,0,0,2,16,2,0,2,1,True,False,False,False,False,False,False,3,1,1.0,133.0,2,3.25
45,0,5906,0,10,9,8,2,2,2,4,4,2,3,0,13,0,2,2,25,2,3,8,1,True,False,False,True,False,False,False,3,1,1.0,128.3913043478261,3,3.0
36,1,3886,1,10,10,1,2,2,2,4,4,2,4,0,21,0,0,2,2,1,0,8,0,False,True,False,False,False,True,False,4,2,0.9090909090909091,105.02702702702703,2,3.0
40,1,16823,2,22,19,7,1,3,4,1,1,3,3,0,11,0,1,3,1,4,11,16,0,True,False,False,True,False,False,False,8,1,1.1,410.3170731707317,2,1.5
26,0,2933,1,1,1,0,2,2,1,3,3,2,3,1,13,0,1,3,1,2,1,0,1,True,False,False,True,False,False,False,2,1,0.5,108.62962962962963,1,2.5
27,0,6500,0,9,8,7,1,4,2,3,2,2,3,0,14,0,0,5,2,2,0,7,0,False,False,False,False,False,False,True,5,1,1.0,232.14285714285714,1,2.0
48,0,17174,3,24,22,17,4,3,4,4,2,3,3,0,11,0,1,3,22,3,4,7,0,True,False,False,False,False,False,True,8,2,1.0434782608695652,350.48979591836735,3,3.25
44,1,5033,2,10,2,0,2,4,2,1,4,3,3,0,15,0,1,5,1,4,2,2,1,True,False,False,True,False,False,False,4,1,3.3333333333333335,111.84444444444445,3,2.5
34,1,2307,1,5,5,2,4,1,1,1,2,3,4,1,23,1,1,2,16,4,3,0,1,True,False,True,False,False,False,False,2,0,0.8333333333333334,65.91428571428571,2,2.5
56,1,2587,1,5,4,2,1,3,1,4,4,3,3,0,16,1,0,3,24,2,1,0,0,True,False,False,True,False,False,False,1,1,1.0,45.3859649122807,4,3.0
36,1,5507,2,12,4,2,3,2,2,2,3,1,3,0,16,0,2,1,17,2,1,3,1,False,False,False,False,True,False,False,5,1,2.4,148.83783783783784,2,2.25
41,0,4393,5,14,5,4,3,3,2,2,3,3,4,0,21,0,1,3,8,3,1,4,1,False,False,False,False,True,False,False,5,1,2.3333333333333335,104.5952380952381,3,2.75
42,1,13348,9,18,13,7,3,3,3,1,2,4,3,0,13,0,1,3,6,3,5,7,1,True,False,False,False,False,False,True,7,1,1.2857142857142858,310.4186046511628,3,2.5
31,0,6583,2,8,5,2,3,3,2,4,4,3,3,1,11,0,1,2,10,2,1,4,0,False,False,False,False,False,False,True,5,1,1.3333333333333333,205.71875,2,3.5
34,0,8103,3,9,4,2,4,2,2,4,3,2,3,1,12,0,0,3,3,1,0,1,1,False,False,False,False,False,False,True,5,1,1.8,231.5142857142857,2,3.25
31,0,3978,8,4,2,2,1,4,1,3,2,2,3,0,12,0,1,0,4,3,2,2,0,True,False,False,False,False,False,True,1,1,1.3333333333333333,124.3125,2,2.0
26,1,2544,0,8,7,7,3,4,1,4,1,3,3,0,18,0,1,3,6,3,7,7,1,True,False,False,False,False,False,False,1,2,1.0,94.22222222222223,1,2.75
45,1,5399,4,12,4,2,2,3,2,3,3,3,3,0,12,0,0,3,1,4,0,3,0,True,False,False,False,False,False,True,4,2,2.4,117.3695652173913,3,2.75
33,1,5487,1,10,10,4,2,3,2,3,2,2,3,0,14,0,0,2,10,4,0,9,0,False,False,False,False,True,False,False,5,1,0.9090909090909091,161.38235294117646,2,2.25
28,1,6834,1,7,7,7,3,2,2,4,3,3,3,1,12,0,1,2,1,2,0,7,1,False,False,False,True,False,False,False,5,2,0.875,235.6551724137931,1,3.25
29,1,1091,1,1,1,0,3,4,1,1,4,3,3,0,17,1,0,3,24,3,0,0,0,False,False,True,False,False,False,False,6,2,0.5,36.36666666666667,1,2.75
39,0,5736,6,10,3,2,1,1,2,3,3,3,3,0,19,0,1,1,21,4,1,2,1,False,False,False,True,False,False,False,5,0,2.5,143.4,2,2.5
27,1,2226,1,6,5,3,2,3,1,2,3,2,3,0,11,0,1,3,2,4,1,2,1,True,False,True,False,False,False,False,2,1,1.0,79.5,1,2.25
34,1,5747,1,16,15,10,3,2,2,4,2,3,3,1,15,0,0,3,22,4,6,11,1,True,False,False,False,False,False,False,2,2,1.0,164.2,2,3.0
28,0,9854,3,6,2,0,4,3,2,3,4,3,3,1,11,1,0,0,13,2,2,2,0,False,False,False,False,True,False,False,5,1,2.0,339.7931034482759,1,3.5
47,1,5467,8,16,8,7,3,3,2,2,3,4,3,0,18,0,1,4,14,4,1,7,1,True,False,True,False,False,False,False,2,0,1.7777777777777777,113.89583333333333,3,3.0
56,0,5380,4,6,0,0,4,2,2,1,3,3,3,0,16,0,1,3,11,5,0,0,1,False,False,False,False,True,False,False,5,1,6.0,94.3859649122807,4,2.75
39,1,5151,1,10,10,0,1,3,2,1,4,3,4,0,25,0,1,3,9,2,7,9,1,True,False,False,False,False,False,True,3,1,0.9090909090909091,128.775,2,2.25
38,0,2133,1,20,20,11,4,2,2,2,3,3,3,1,16,0,1,3,8,3,0,7,0,True,False,False,False,False,False,True,2,2,0.9523809523809523,54.69230769230769,2,3.0
58,0,17875,4,29,1,0,4,3,4,4,3,2,3,1,13,0,1,2,21,3,0,0,1,False,False,False,True,False,False,False,8,1,14.5,302.96610169491527,4,3.25
32,0,2432,3,8,4,1,1,4,1,3,1,3,3,1,14,1,0,2,5,2,0,3,0,True,False,False,True,False,False,False,2,2,1.6,73.6969696969697,2,2.0
38,1,4771,2,10,5,2,2,3,1,4,4,4,3,0,19,0,2,0,9,2,0,3,0,True,False,False,True,False,False,False,2,1,1.6666666666666667,122.33333333333333,2,3.5
49,1,19161,3,28,5,4,2,3,5,4,4,3,3,0,15,0,0,3,2,1,4,3,1,True,False,False,True,False,False,False,7,2,4.666666666666667,383.22,3,3.25
42,1,5087,3,14,0,0,2,3,2,4,3,3,3,1,12,0,2,4,12,4,0,0,0,False,False,False,False,True,False,False,5,1,14.0,118.30232558139535,3,3.0
27,0,2863,1,1,1,0,1,2,1,2,1,3,3,0,12,1,0,2,22,3,0,0,1,False,True,False,False,False,True,False,4,2,0.5,102.25,1,1.75
35,1,5561,0,6,5,3,2,3,2,1,4,1,3,0,16,0,1,2,18,4,0,4,1,False,False,False,False,False,False,True,5,1,1.0,154.47222222222223,2,2.0
28,1,2144,1,5,5,3,3,3,1,3,3,2,3,0,14,0,0,3,16,3,1,4,0,True,False,False,False,False,False,True,2,0,0.8333333333333334,73.93103448275862,1,2.75
31,1,3065,1,4,4,2,3,3,1,1,4,4,3,1,13,0,1,3,3,2,2,3,0,True,False,False,False,False,False,True,2,0,0.8,95.78125,2,3.0
36,1,2810,1,5,5,4,1,4,1,2,2,3,4,0,22,0,0,3,9,4,0,2,1,True,False,False,True,False,False,False,1,0,0.8333333333333334,75.94594594594595,2,2.0
34,1,9888,1,14,14,8,1,3,3,4,1,2,4,0,21,0,0,3,1,3,2,1,0,False,False,False,False,True,False,False,5,1,0.9333333333333333,282.51428571428573,2,2.0
34,1,8628,1,9,8,7,4,3,3,3,3,2,3,0,18,0,1,2,13,4,1,1,0,False,False,False,False,False,False,True,5,1,1.0,246.5142857142857,2,3.0
26,1,2867,0,8,7,7,3,3,1,1,4,2,3,0,13,0,0,6,1,3,7,6,0,True,False,False,False,False,False,True,1,1,1.0,106.18518518518519,1,2.5
29,1,5373,0,6,5,3,1,3,2,1,1,2,3,0,12,0,1,5,1,3,0,2,1,True,False,False,True,False,False,False,4,1,1.0,179.1,1,1.25
32,0,6667,5,9,5,1,3,3,2,4,2,3,3,0,18,0,1,6,15,4,1,2,0,True,False,False,False,False,False,True,4,0,1.5,202.03030303030303,2,3.0
31,1,5003,1,10,10,8,4,1,2,1,2,3,4,0,21,0,0,6,1,3,8,7,1,True,False,False,True,False,False,False,2,2,0.9090909090909091,156.34375,2,2.5
28,1,2367,5,6,4,1,3,2,1,4,1,2,3,0,12,1,1,2,17,3,0,3,0,True,False,True,False,False,False,False,1,1,1.2,81.62068965517241,1,2.5
38,1,2858,4,20,1,0,1,2,1,1,1,2,3,0,14,0,0,3,1,3,0,0,0,False,False,False,True,False,False,False,6,1,10.0,73.28205128205128,2,1.25
35,0,5204,1,10,10,8,3,3,2,4,4,3,3,1,11,0,0,2,7,4,0,9,1,False,False,False,True,False,False,False,5,1,0.9090909090909091,144.55555555555554,2,3.5
27,1,4105,1,7,7,7,4,3,2,4,1,3,3,0,14,0,0,5,9,3,0,7,0,False,False,False,False,True,False,False,5,1,0.875,146.60714285714286,1,3.0
32,1,9679,8,8,1,0,4,2,2,4,2,3,4,0,24,0,0,1,5,4,0,0,0,True,False,False,True,False,False,False,3,1,4.0,293.3030303030303,2,3.25
31,1,5617,1,10,10,7,1,3,2,4,3,3,3,1,11,1,0,4,26,4,0,8,1,False,False,False,False,True,False,False,5,2,0.9090909090909091,175.53125,2,2.75
53,1,10448,6,15,2,2,1,3,3,1,2,2,3,1,13,1,0,2,24,4,2,2,0,False,False,False,True,False,False,False,5,1,5.0,193.4814814814815,4,1.5
54,0,2897,3,9,4,3,1,3,2,3,3,2,3,0,11,0,2,6,9,2,2,3,1,True,False,False,True,False,False,False,2,1,1.8,52.67272727272727,4,2.25
33,1,5968,1,9,9,7,4,3,2,3,3,3,4,0,20,0,3,2,7,2,2,8,0,True,False,False,True,False,False,False,4,2,0.9,175.52941176470588,2,3.25
43,1,7510,1,10,10,9,1,3,3,3,2,3,3,0,17,0,1,1,11,3,0,9,1,True,False,False,True,False,False,False,4,1,0.9090909090909091,170.6818181818182,3,2.25
38,1,2991,0,7,6,2,4,3,1,2,2,3,3,1,11,0,1,2,1,4,1,2,1,False,True,False,False,False,False,False,4,2,1.0,76.6923076923077,2,2.75
55,1,19636,4,35,10,9,3,4,5,2,1,3,3,1,18,0,1,0,26,4,1,4,1,False,True,False,False,False,True,False,8,1,3.1818181818181817,350.64285714285717,4,2.25
31,0,1129,1,1,1,0,4,1,1,4,3,3,3,1,11,0,3,4,2,1,0,0,0,True,False,False,False,False,False,True,1,1,0.5,35.28125,2,3.5
39,1,13341,0,21,20,8,2,3,4,1,1,3,3,0,12,0,0,3,15,4,11,10,0,False,False,False,False,True,False,False,5,1,1.0,333.525,2,1.75
42,1,4332,1,20,20,9,4,2,2,3,4,3,3,0,12,0,0,2,23,2,3,7,0,True,False,False,True,False,False,False,2,0,0.9523809523809523,100.74418604651163,3,3.5
31,0,11031,4,13,11,7,3,3,3,3,3,4,4,0,20,0,1,2,10,3,4,8,1,True,False,False,False,False,False,True,7,0,1.0833333333333333,344.71875,2,3.25
54,0,4440,6,9,5,2,3,3,2,1,4,3,3,1,19,0,0,3,10,3,1,4,0,True,False,False,False,False,False,True,3,1,1.5,80.72727272727273,4,2.75
24,1,4617,1,4,4,3,2,2,2,3,2,2,3,0,12,0,0,2,1,2,1,2,0,True,False,False,True,False,False,False,4,1,0.8,184.68,1,2.25
23,1,2647,1,5,5,2,4,3,1,4,3,4,3,0,13,0,0,6,12,2,1,4,0,True,False,False,False,False,False,False,1,1,0.8333333333333334,110.29166666666667,1,3.75
40,0,6323,1,10,10,9,4,3,2,3,1,4,3,0,11,0,1,2,11,3,9,4,1,True,False,True,False,False,False,False,1,2,0.9090909090909091,154.21951219512195,2,3.0
40,0,5677,3,15,11,8,2,3,2,2,3,3,3,0,14,0,1,4,2,2,5,10,1,False,False,False,False,True,False,False,5,1,1.25,138.46341463414635,2,2.5
25,0,2187,4,6,2,0,3,3,1,2,3,3,3,0,14,0,0,3,2,3,1,2,1,False,True,False,False,False,True,False,4,1,2.0,84.11538461538461,1,2.75
30,1,3748,1,12,12,8,4,3,1,2,3,2,3,0,13,0,0,6,1,2,1,7,1,True,False,False,False,False,False,True,1,1,0.9230769230769231,120.90322580645162,1,2.75
25,1,3977,6,7,2,2,4,3,1,3,3,2,3,1,19,0,1,2,2,1,0,2,0,True,False,False,False,False,False,False,1,1,2.3333333333333335,152.96153846153845,1,3.0
47,1,8633,2,25,17,14,1,3,3,3,2,3,4,0,23,0,0,3,25,3,12,11,0,True,False,False,False,False,False,True,4,1,1.3888888888888888,179.85416666666666,3,2.25
33,1,2008,1,1,1,1,2,2,1,3,3,2,3,0,12,0,3,2,1,2,0,0,0,True,False,False,False,False,False,True,1,0,0.5,59.05882352941177,2,2.5
38,1,4440,0,16,15,13,4,3,2,2,1,3,3,0,15,0,2,3,1,4,5,8,1,False,False,False,True,False,False,False,5,1,1.0,113.84615384615384,2,2.5
31,1,3067,0,3,2,2,1,3,1,3,3,3,3,0,19,0,1,1,2,2,1,2,1,False,False,False,True,False,False,False,6,1,1.0,95.84375,2,2.5
38,1,5321,2,10,8,3,1,2,2,3,4,3,3,0,11,0,1,1,6,4,7,7,1,True,False,False,True,False,False,False,3,2,1.1111111111111112,136.43589743589743,2,2.75
42,1,5410,6,9,4,3,4,3,2,1,3,2,3,1,17,0,1,3,18,4,1,2,0,True,False,False,True,False,False,False,2,1,1.8,125.81395348837209,3,2.5
41,1,2782,3,12,5,3,4,3,1,4,1,3,4,0,22,0,1,3,1,3,1,0,1,True,False,False,True,False,False,False,2,1,2.0,66.23809523809524,3,3.0
47,0,11957,0,14,13,8,3,3,3,2,1,1,3,0,18,0,2,3,1,1,5,12,1,True,False,False,False,False,False,True,7,0,1.0,249.10416666666666,3,1.75
35,1,2660,7,5,2,2,4,3,1,3,3,3,3,1,11,0,1,3,11,4,2,2,1,True,False,False,False,False,False,True,1,1,1.6666666666666667,73.88888888888889,2,3.25
22,1,3375,0,4,3,2,4,3,1,3,4,4,3,0,12,0,0,2,1,2,1,2,0,True,False,False,True,False,False,False,2,1,1.0,146.7391304347826,1,3.75
35,1,5098,1,10,10,7,2,3,2,3,2,3,3,0,19,0,0,5,9,4,0,8,0,True,False,False,False,False,False,True,2,1,0.9090909090909091,141.61111111111111,2,2.5
33,0,4878,0,10,9,7,2,3,2,4,1,3,3,1,13,0,1,6,15,2,8,1,1,True,False,False,False,False,False,True,4,1,1.0,143.47058823529412,2,2.5
32,0,2837,1,6,6,2,3,2,1,2,3,3,3,0,13,0,0,3,29,4,4,1,0,True,False,False,True,False,False,False,1,1,0.8571428571428571,85.96969696969697,2,2.75
40,1,2406,8,8,1,0,1,3,1,4,3,2,3,0,19,0,2,3,1,4,0,0,1,True,False,False,True,False,False,False,1,1,4.0,58.68292682926829,2,2.5
32,1,2269,0,3,2,2,2,2,1,2,2,3,3,0,14,0,1,2,1,4,2,2,1,False,False,False,False,False,False,True,6,1,1.0,68.75757575757575,2,2.25
39,1,4108,7,18,7,7,1,3,2,4,1,3,3,0,13,0,0,2,24,1,1,7,0,True,False,False,True,False,False,False,2,1,2.25,102.7,2,2.25
38,0,13206,3,20,18,16,2,1,3,3,1,3,3,0,12,0,1,3,10,3,1,11,1,True,False,False,False,False,False,True,7,1,1.0526315789473684,338.61538461538464,2,2.25
32,0,10422,1,14,14,10,3,3,3,4,3,3,3,0,19,0,2,3,1,4,5,7,1,False,False,False,False,True,False,False,5,1,0.9333333333333333,315.8181818181818,2,3.25
37,0,13744,1,16,16,11,3,4,3,4,1,3,4,1,25,0,1,2,10,3,6,8,1,True,False,False,True,False,False,False,7,1,0.9411764705882353,361.6842105263158,2,2.75
25,0,4907,0,6,5,3,1,3,2,3,2,2,4,1,22,0,1,3,8,2,0,4,0,False,False,False,False,False,False,False,5,1,1.0,188.73076923076923,1,2.0
52,1,3482,2,16,9,8,1,3,1,4,2,2,3,0,15,0,2,3,29,4,0,0,0,False,False,False,True,False,False,False,6,0,1.6,65.69811320754717,4,2.25
44,1,2436,6,6,4,3,2,3,1,4,3,3,3,1,12,0,0,2,1,3,1,2,0,True,False,False,False,False,False,True,2,1,1.2,54.13333333333333,3,3.0
21,1,2380,1,2,2,2,3,3,1,1,4,3,3,1,11,0,0,6,5,1,1,2,0,False,False,False,False,False,False,True,6,1,0.6666666666666666,108.18181818181819,1,2.75
39,1,19431,2,21,6,0,4,3,5,4,3,2,3,0,13,0,0,3,9,3,1,3,0,True,False,False,True,False,False,False,8,0,3.0,485.775,2,3.25
23,1,1790,1,1,1,0,4,3,1,1,1,2,3,0,19,1,1,3,9,3,1,0,1,False,False,False,False,True,False,False,6,2,0.5,74.58333333333333,1,2.0
36,0,7644,0,10,9,7,1,2,3,4,3,3,3,0,19,0,2,2,3,3,3,4,1,False,False,False,False,False,False,True,5,1,1.0,206.59459459459458,2,2.75
36,0,5131,7,18,4,2,4,3,2,2,2,3,3,0,13,0,3,3,4,2,0,2,0,True,False,False,True,False,False,False,3,2,3.6,138.67567567567568,2,2.75
56,1,6306,1,13,13,12,3,3,2,3,1,2,4,0,21,0,1,2,1,4,1,9,0,True,False,False,True,False,False,False,4,0,0.9285714285714286,110.63157894736842,4,2.25
29,1,4787,9,4,2,2,1,3,1,4,2,4,3,1,14,1,3,3,1,4,2,2,1,True,False,False,False,False,False,True,2,1,1.3333333333333333,159.56666666666666,1,2.75
42,1,18880,5,24,22,6,1,3,5,3,1,2,3,0,11,0,0,2,2,3,4,14,1,True,False,False,True,False,False,False,8,1,1.0434782608695652,439.06976744186045,3,1.75
56,1,2339,8,14,10,9,4,3,1,3,4,1,3,0,11,1,1,4,7,2,9,8,1,True,False,True,False,False,False,False,1,1,1.2727272727272727,41.03508771929825,4,3.0
41,0,13570,0,21,20,7,1,2,4,2,3,3,4,0,23,0,1,3,28,4,0,10,1,True,False,False,True,False,False,False,3,1,1.0,323.0952380952381,3,2.25
34,0,6712,1,8,8,7,4,2,2,3,4,3,4,0,21,0,2,2,28,3,1,7,1,False,False,False,False,True,False,False,5,1,0.8888888888888888,191.77142857142857,2,3.5
36,1,5406,1,15,15,12,4,1,2,4,1,2,4,0,24,0,1,4,15,4,11,11,0,False,False,False,False,True,False,False,5,0,0.9375,146.1081081081081,2,2.75
41,1,8938,2,14,5,4,3,2,2,2,3,3,3,0,11,0,1,5,3,3,0,4,0,False,False,False,True,False,False,False,5,1,2.3333333333333335,212.8095238095238,3,2.75
32,1,2439,1,4,4,2,4,3,1,1,4,3,3,0,14,0,0,4,2,3,1,2,0,True,False,True,False,False,False,False,2,1,0.8,73.9090909090909,2,3.0
35,0,8837,1,9,9,0,3,3,3,4,3,3,3,1,16,0,0,2,26,4,1,7,0,False,True,False,True,False,False,False,4,1,0.9,245.47222222222223,2,3.25
38,0,5343,1,10,10,7,1,3,2,4,3,3,3,0,11,0,1,1,10,2,1,9,1,False,False,False,True,False,False,False,5,1,0.9090909090909091,137.0,2,2.75
50,1,6728,7,12,6,3,2,3,2,3,4,3,3,0,12,1,2,3,1,4,0,1,0,False,False,False,True,False,False,False,5,2,1.7142857142857142,131.92156862745097,3,3.0
36,0,6652,4,8,6,3,2,2,2,4,1,2,3,0,13,0,1,2,11,4,0,0,1,False,False,False,False,True,False,False,5,1,1.1428571428571428,179.78378378378378,2,2.25
45,0,4850,8,8,5,3,4,3,2,3,3,3,3,0,15,0,0,3,20,3,0,1,0,False,False,False,True,False,False,False,5,1,1.3333333333333333,105.43478260869566,3,3.25
40,1,2809,2,8,2,2,3,2,1,3,4,3,3,0,14,0,0,2,2,4,2,2,0,True,False,False,True,False,False,False,2,1,2.6666666666666665,68.51219512195122,2,3.25
35,1,5689,1,10,10,2,3,3,2,3,4,4,3,1,14,0,2,2,18,4,0,2,1,True,False,False,True,False,False,False,4,2,0.9090909090909091,158.02777777777777,2,3.5
40,0,2001,2,20,5,3,3,3,1,3,2,3,3,0,14,0,3,2,2,4,0,2,1,True,False,False,False,False,False,True,2,1,3.3333333333333335,48.80487804878049,2,2.75
35,0,2977,1,4,4,3,3,1,1,4,4,3,3,0,12,0,1,5,1,4,1,1,1,True,False,False,True,False,False,False,2,1,0.8,82.69444444444444,2,3.5
29,1,4025,4,10,4,3,4,2,2,2,1,3,3,1,13,0,1,2,13,2,0,3,1,True,False,False,False,False,False,False,1,1,2.0,134.16666666666666,1,2.5
29,0,3785,1,5,5,4,4,2,1,1,2,1,3,0,14,0,0,3,28,4,0,4,0,True,False,False,False,False,False,True,2,1,0.8333333333333334,126.16666666666667,1,2.0
50,1,10854,4,20,3,2,4,2,3,1,2,3,3,1,13,1,1,3,28,3,2,0,0,False,False,False,False,True,False,False,5,1,5.0,212.8235294117647,3,2.5
39,0,12031,0,21,20,9,2,2,4,4,1,2,3,0,11,0,1,2,24,1,9,6,1,False,False,False,False,True,False,False,5,1,1.0,300.775,2,2.25
31,1,9936,0,10,9,4,2,3,2,1,2,3,3,0,19,0,0,2,5,3,1,7,0,True,False,False,False,False,False,True,3,0,1.0,310.5,2,2.0
26,0,2966,0,5,4,2,4,2,1,3,4,3,3,0,18,0,0,2,5,3,0,0,0,False,False,False,False,False,False,False,6,1,1.0,109.85185185185185,1,3.5
36,1,2571,4,17,5,2,3,4,2,4,3,3,3,0,17,0,1,3,23,2,0,3,1,True,False,False,False,False,False,True,1,2,2.8333333333333335,69.48648648648648,2,3.25
39,1,9991,4,9,7,7,4,2,3,1,1,3,3,0,15,0,1,5,6,1,1,7,1,True,False,False,False,False,False,True,4,1,1.125,249.775,2,2.25
27,1,6142,1,6,6,2,2,4,2,2,2,3,4,1,20,0,1,0,4,3,0,3,1,True,False,False,True,False,False,False,3,1,0.8571428571428571,219.35714285714286,1,2.25
49,1,5390,2,17,9,6,4,2,2,2,4,2,3,0,14,0,0,3,2,3,0,8,1,False,False,False,False,False,False,True,5,2,1.7,107.8,3,3.0
34,1,4404,2,6,4,3,2,4,2,3,1,4,3,0,12,0,0,3,8,3,1,2,1,True,False,False,False,False,False,True,1,1,1.2,125.82857142857142,2,2.5
